Date,Time,SET,Value,2D,Modern,Internet
1/23/2020,12:01PM,1569.63,32765.59,35,84,65
1/23/2020,4:30PM,1573.70,61983.98,03,05,30
1/24/2020,12:01PM,1571.42,23719.24,29,72,74
1/24/2020,4:30PM,1569.55,47514.18,54,89,92
1/27/2020,12:01PM,1523.78,41864.96,84,92,80
1/27/2020,4:30PM,1524.15,69174.18,54,49,24
1/28/2020,12:01PM,1531.53,28092.54,32,97,56
1/28/2020,4:30PM,1513.26,67113.51,63,35,89
1/29/2020,12:01PM,1520.08,28111.36,81,08,42
1/29/2020,4:30PM,1524.59,64211.39,91,32,00
1/30/2020,12:01PM,1519.43,24253.62,33,54,68
1/30/2020,4:30PM,1523.99,53752.96,92,36,46
1/31/2020,12:01PM,1521.51,25824.18,14,95,95
1/31/2020,4:30PM,1514.14,56329.59,49,19,13
2/3/2020,12:01PM,1509.65,27139.52,59,81,86
2/3/2020,4:30PM,1496.06,53178.96,68,61,77
2/4/2020,12:01PM,1508.47,24486.30,76,35,45
2/4/2020,4:30PM,1519.38,58698.59,88,49,49
2/5/2020,12:01PM,1523.74,30201.82,41,95,74
2/5/2020,4:30PM,1534.14,67458.22,48,31,69
2/6/2020,12:01PM,1537.94,33675.78,45,73,96
2/6/2020,4:30PM,1535.79,69363.97,93,25,69
2/7/2020,12:01PM,1534.02,27935.61,25,38,73
2/7/2020,4:30PM,1535.24,60509.84,49,24,90
2/10/2020,12:01PM,,,,,
2//10/2020,4:30PM,1535.24,60509.84,49,,
2/11/2020,12:01PM,1531.95,25170.36,50,16,38
2/11/2020,4:30PM,1523.93,52619.14,39,87,08
2/12/2020,12:01PM,1534.47,25515.94,75,84,97
2/12/2020,4:30PM,1539.84,54814.18,44,87,15
2/13/2020,12:01PM,1537.04,23187.01,47,84,17
2/13/2020,4:30PM,1532.77,46419.92,79,73,68
2/14/2020,12:01PM,1539.78,27568.48,88,59,64
2/14/2020,4:30PM,1526.30,61837.84,07,20,13
2/17/2020,12:01PM,1530.61,26008.68,18,90,89
2/17/2020,4:30PM,1527.25,52494.10,54,75,70
2/18/2020,12:01PM,,,,,
2/18/2020,4:30PM,1513.68,49275.59,85,75,79
2/19/2020,12:01PM,,,,,
2/19/2020,4:30PM,1505.54,68726.32,46,11,37
2/20/2020,12:01PM,,,,,
2/20/2020,4:30PM,1491.24,75546.15,46,81,87
2/21/2020,12:01PM,,,,,
2/21/2020,4:30PM,1495.09,56082.23,92,26,90
2/24/2020,12:01PM,,,,,
2/24/2020,4:30PM,1435.56,76431.30,61,35,33
2/25/2020,12:01PM,,,,,
2/25/2020,4:30PM,1439.10,80966.05,06,94,90
2/26/2020,12:01PM,,,,,
2/26/2020,4:30PM,1366.41,93189.41,19,19,83
2/27/2020,12:01PM,,,,,
2/27/2020,4:30PM,1395.08,74552.75,82,,77
2/28/2020,12:01PM,,,,,
2/28/2020,4:30PM,1340.52,86502.15,22,03,42
3/2/2020,12:01PM,,,,,
3/2/2020,4:30PM,1335.72,74368.85,28,59,59
3/3/2020,12:01PM,,,,,
3/3/2020,4:30PM,1375.02,70048.53,28,25,80
3/4/2020,12:01PM,,,,,
3/4/2020,4:30PM,1378.61,58586.96,16,46,12
3/5/2020,12:01PM,,,,,
3/5/2020,4:30PM,1390.83,66807.39,37,82,87
3/6/2020,12:01PM,,,,,
3/6/2020,4:30PM,1364.57,52201.99,71,20,89
3/9/2020,12:01PM,,,,,
3/9/2020,4:30PM,1255.94,103623.75,43,80,16
3/10/2020,12:01PM,,,,,
3/10/2020,4:30PM,1271.25,74686.23,56,73,36
3/11/2020,12:01PM,,,,,
3/11/2020,4:30PM,1249.89,72236.43,96,40,73
3/12/2020,12:01PM,,,,,
3/12/2020,4:30PM,1114.91,101652.04,12,50,43
3/13/2020,12:01PM,,,,,
3/13/2020,4:30PM,1128.91,119659.78,19,,84
3/16/2020,12:01PM,,,,,
3/16/2020,4:30PM,1046.08,68179.26,89,85,59
3/17/2020,12:01PM,,,,,
3/17/2020,4:30PM,1035.17,67129.99,79,77,64
3/18/2020,12:01PM,,,,,
3/18/2020,4:30PM,1048.15,59186.45,56,29,79
3/19/2020,12:01PM,,,,,
3/19/2020,4:30PM,1044.19,61601.05,91,87,22
3/20/2020,12:01PM,,,,,
3/20/2020,4:30PM,1127.24,93035.28,45,48,43
3/23/2020,12:01PM,1046.95,34783.98,53,41,53
3/23/2020,4:30PM,1024.46,59677.79,67,63,90
3/24/2020,12:01PM,1039.30,33922.14,02,34,37
3/24/2020,4:30PM,1033.84,64144.80,44,74,32
3/25/2020,12:01PM,,,,,
3/25/2020,4:30PM,1080.03,74952.24,32,48,43
3/26/2020,12:01PM,,,,,
3/26/2020,4:30PM,1091.96,62344.06,64,73,37
3/27/2020,12:01PM,,,,,
3/27/2020,4:30PM,1099.76,65440.05,60,32,77
3/30/2020,12:01PM,,,,,
3/30/2020,4:30PM,1087.82,41187.93,27,84,88
3/31/2020,12:01PM,,,,,
3/31/2020,4:30PM,1125.86,56906.16,66,51,71
4/2/2020,12:01PM,,,,,
4/2/2020,4:30PM,1138.27,69237.21,77,84,76
4/3/2020,12:01PM,,,,,
4/3/2020,4:30PM,1138.84,59760.26,40,85,97
4/6/2020,12:01PM,,,,,
4/6/2020,4:30PM,,,,,
4/7/2020,12:01PM,,,,,
4/7/2020,4:30PM,1214.95,98954.92,54,59,48
4/8/2020,12:01PM,,,,,
4/8/2020,4:30PM,1205.77,92816.33,76,12,14
4/9/2020,12:01PM,,,,,
4/9/2020,4:30PM,1210.48,83662.06,82,01,50
4/10/2020,12:01PM,,,,,
4/10/2020,4:30PM,1228.03,53795.91,35,37,59
4/13/2020,12:01PM,,,,,
4/13/2020,4:30PM,1236.78,49474.55,84,69,65
4/14/2020,12:01PM,,,,,
4/14/2020,4:30PM,1256.35,76434.03,54,32,39
4/15/2020,12:01PM,,,,,
4/15/2020,4:30PM,1236.10,69418.86,08,28,56
4/16/2020,12:01PM,,,,,
4/16/2020,4:30PM,,,,,
4/17/2020,12:01PM,,,,,
4/17/2020,4:30PM,1239.24,58989.59,49,83,90
4/20/2020,12:01PM,,,,,
4/20/2020,4:30PM,1266.40,67298.11,08,50,30
4/21/2020,12:01PM,,,,,
4/21/2020,4:30PM,1252.92,58676.75,26,29,23
4/22/2020,12:01PM,,,,,
4/22/2020,4:30PM,1261.81,76817.44,17,91,65
4/23/2020,12:01PM,,,,,
4/23/2020,4:30PM,1272.53,69265.94,35,52,23
4/24/2020,12:01PM,,,,,
4/24/2020,4:30PM,1258.78,68704.56,84,17,15
4/27/2020,12:01PM,,,,,
4/27/2020,4:30PM,1267.41,49584.05,14,92,95
4/28/2020,12:01PM,,,,,
4/28/2020,4:30PM,1274.99,60549.94,99,03,62
4/29/2020,12:01PM,,,,,
4/29/2020,4:30PM,1282.68,49140.08,80,60,23
4/30/2020,12:01PM,,,,,
4/30/2020,4:30PM,1301.66,79146.24,66,03,96
5/1//2020,12:01PM,,,,,
5/1//2020,4:30PM,,,,,
5/4/2020,12:01PM,,,,,
5/4/2020,4:30PM,,,,,
5/5/2020,12:01PM,,,,,
5/5/2020,4:30PM,1278.63,51384.94,34,30,37
5/6/2020,12:01PM,,,,,
5/6/2020,4:30PM,,,,,
5/7/2020,12:01PM,,,,,
5/7/2020,4:30PM,1257.98,56253.32,83,20,82
5/8/2020,12:01PM,,,,,
5/8/2020,4:30PM,1266.02,44086.49,26,83,88
5/11/2020,12:01PM,,,,,
5/11/2020,4:30PM,1287.30,56801.03,01,49,42
5/12/2020,12:01PM,,,,,
5/12/2020,4:30PM,1299.69,59394.53,94,78,74
5/13/2020,12:01PM,,,,,
5/13/2020,4:30PM,1294.55,62241.08,51,91,13
5/14/2020,12:01PM,,,,,
5/14/2020,4:30PM,1280.40,46654.45,04,11,59
5/15/2020,12:01PM,,,,,
5/15/2020,4:30PM,1280.76,50659.85,69,05,18
5/18/2020,12:01PM,,,,,
5/18/2020,4:30PM,1286.53,55905.03,35,77,10
5/19/2020,12:01PM,,,,,
5/19/2020,4:30PM,1309.95,78863.55,53,61,68
5/20/2020,12:01PM,,,,,
5/20/2020,4:30PM,1322.20,67672.70,02,30,18
5/21/2020,12:01PM,,,,,
5/21/2020,4:30PM,1320.69,70212.37,92,93,71
5/22/2020,12:01PM,,,,,
5/22/2020,4:30PM,1303.97,64469.56,79,52,07
5/25/2020,12:01PM,,,,,
5/25/2020,4:30PM,1320.98,53806.12,86,48,47
5/26/2020,12:01PM,,,,,
5/26/2020,4:30PM,1336.09,73954.43,94,81,99
5/27/2020,12:01PM,,,,,
5/27/2020,4:30PM,1345.11,78673.24,13,60,33
5/28/2020,12:01PM,,,,,
5/28/2020,4:30PM,1337.51,85822.70,12,13,48
5/29/2020,12:01PM,,,,,
5/29/2020,4:30PM,1342.85,96186.64,56,18,68
6/1/2020,12:01PM,,,,,
6/1/2020,4:30PM,1352.37,65154.66,74,51,26
6/2/2020,12:01PM,,,,,
6/2/2020,4:30PM,1374.18,70987.07,87,25,19
6/3/2020,12:01PM,,,,,
6/3/2020,4:30PM,,,,,
6/4/2020,12:01PM,,,,,
6/4/2020,4:30PM,1411.01,122562.18,12,88,25
6/5/2020,12:01PM,,,,,
6/5/2020,4:30PM,1435.70,120331.42,01,18,67
6/8/2020,12:01PM,,,,,
6/8/2020,4:30PM,1438.66,105398.73,68,37,01
6/9/2020,12:01PM,,,,,
6/9/2020,4:30PM,1408.37,115559.91,79,37,07
6/10/2020,12:01PM,,,,,
6/10/2020,4:30PM,1418.77,77422.25,72,32,05
6/11/2020,12:01PM,,,,,
6/11/2020,4:30PM,1396.77,82892.56,72,34,30
6/12/2020,12:01PM,,,,,
6/12/2020,4:30PM,1382.56,85786.80,66,99,02
6/15/2020,12:01PM,,,,,
6/15/2020,4:30PM,1341.99,83379.76,99,26,32
6/16/2020,12:01PM,,,,,
6/16/2020,4:30PM,1367.13,68455.64,35,17,16
6/17/2020,12:01PM,,,,,
6/17/2020,4:30PM,1376.18,71555.79,85,76,11
6/18/2020,12:01PM,,,,,
6/18/2020,4:30PM,1372.98,70282.43,82,80,30
6/19/2020,12:01PM,,,,,
6/19/2020,4:30PM,1370.82,63320.03,20,29,26
6/22/2020,12:01PM,,,,,
6/22/2020,4:30PM,1352.18,65772.37,82,89,28
6/23/2020,12:01PM,,,,,
6/23/2020,4:30PM,1356.43,49101.67,31,61,45
6/24/2020,12:01PM,,,,,
6/24/2020,4:30PM,1333.43,60885.82,35,93,91
6/25/2020,12:01PM,,,,,
6/25/2020,4:30PM,1325.88,60823.68,83,01,01
6/26/2020,12:01PM,,,,,
6/26/2020,4:30PM,1330.34,47193.61,43,41,38
6/29/2020,12:01PM,,,,,
6/29/2020,4:30PM,1329.76,48903.24,63,03,40
6/30/2020,12:01PM,,,,,
6/30/2020,4:30PM,1339.03,58589.45,39,89,87
7/1/2020,12:01PM,,,,,
7/1/2020,4:30PM,1349.44,53380.74,40,27,26
7/2/2020,12:01PM,,,,,
7/2/2020,4:30PM,1374.13,84485.85,35,40,27
7/3/2020,12:01PM,,,,,
7/3/2020,4:30PM,1372.27,71138.56,78,88,48
7/6/2020,12:01PM,,,,,
7/6/2020,4:30PM,,,,,
7/7/2020,12:01PM,,,,,
7/7/2020,4:30PM,1373.22,81868.19,28,39,82
7/8/2020,12:01PM,,,,,
7/8/2020,4:30PM,1362.46,66274.72,64,63,69
7/9/2020,12:01PM,1363.78,27644.60,84,21,96
7/9/2020,4:30PM,1365.81,72680.06,10,61,61
7/10/2020,12:01PM,,,,,
7/10/2020,4:30PM,1350.50,64196.73,06,24,06
7/13/2020,12:01PM,1362.54,26683.69,43,04,86
7/13/2020,4:30PM,1342.37,62374.16,74,26,29
7/14/2020,12:01PM,,,,,
7/14/2020,4:30PM,1341.07,63991.66,71,33,53
7/15/2020,12:01PM,1350.14,27210.68,40,01,46
7/15/2020,4:30PM,1354.31,59689.12,19,81,98
7/16/2020,12:01PM,1349.64,24986.01,46,82,24
7/16/2020,4:30PM,1347.86,47811.85,61,69,48
7/17/2020,12:01PM,1352.12,19479.16,29,46,73
7/17/2020,4:30PM,1359.58,41354.56,84,80,75
7/20/2020,12:01PM,1359.97,24630.85,70,82,53
7/20/2020,4:30PM,1358.29,52303.87,93,93,71
7/21/2020,12:01PM,1370.53,32827.05,37,67,26
7/21/2020,4:30PM,1377.00,64234.77,04,06,51
7/22/2020,12:01PM,1374.21,33727.04,17,47,32
7/22/2020,4:30PM,1357.04,63863.04,43,52,42
7/23/2020,12:01PM,1355.40,36397.55,07,78,14
7/23/2020,4:30PM,1359.65,70233.10,53,29,56
7/24/2020,12:01PM,1342.99,24841.54,91,29,18
7/24/2020,4:30PM,1340.92,46529.79,29,39,61
7/27/2020,12:01PM,,,,,
7/27/2020,4:30PM,,,,,
7/28/2020,12:01PM,,,,,
7/28/2020,4:30PM,,,,,
7/29/2020,12:01PM,1340.70,27839.80,09,78,54
7/29/2020,4:30PM,1338.35,56111.40,51,91,94
7/30/2020,12:01PM,1334.01,33919.14,19,20,86
7/30/2020,4:30PM,1315.74,67115.59,45,33,38
7/31/2020,12:01PM,,,,,
7/31/2020,4:30PM,1328.53,61281.13,31,06,82
8/3/2020,12:01PM,1319.14,26905.19,45,35,65
8/3/2020,4:30PM,1321.23,54716.16,36,15,19
8/4/2020,12:01PM,1332.63,27084.09,34,57,09
8/4/2020,4:30PM,1330.81,55135.61,15,97,89
8/5/2020,12:01PM,1328.58,27714.29,84,69,90
8/5/2020,4:30PM,1337.35,60357.16,57,81,05
8/6/2020,12:01PM,,,,,
8/6/2020,4:30PM,1333.22,55061.31,21,91,08
8/7/2020,12:01PM,,,,,
8/7/2020,4:30PM,1324.40,44367.02,07,67,17
8/10/2020,12:01PM,1328.60,18252.49,02,72,93
8/10/2020,4:30PM,1322.01,37417.75,17,84,40
8/11/2020,12:01PM,,,,,
8/11/2020,4:30PM,1336.84,71983.87,43,02,89
8/12/2020,12:01PM,,,,,
8/12/2020,4:30PM,,,,,
8/13/2020,12:01PM,,,,,
8/13/2020,4:30PM,1346.69,77812.76,92,44,34
8/14/2020,12:01PM,1339.32,27206.13,26,13,13
8/14/2020,4:30PM,1327.05,58050.78,50,78,15
8/17/2020,12:01PM,1327.11,24649.30,19,27,21
8/17/2020,4:30PM,1320.91,47812.94,12,31,91
8/18/2020,12:01PM,,,,,
8/18/2020,4:30PM,1330.11,50855.87,15,93,36
8/19/2020,12:01PM,1327.14,20614.54,44,08,45
8/19/2020,4:30PM,1308.67,57283.62,73,66,86
8/20/2020,12:01PM,,,,,
8/20/2020,4:30PM,1296.79,49084.96,94,69,63
8/21/2020,12:01PM,,,,,
8/21/2020,4:30PM,1299.26,42295.00,65,56,38
8/24/2020,12:01PM,1309.12,27402.09,22,78,24
8/24/2020,4:30PM,1317.11,57078.23,18,62,91
8/25/2020,12:01PM,1325.85,28779.13,59,19,53
8/25/2020,4:30PM,1315.99,56355.22,95,07,18
8/26/2020,12:01PM,1321.81,25309.49,19,85,43
8/26/2020,4:30PM,1322.55,48652.28,52,17,98
8/27/2020,12:01PM,1330.83,28127.96,37,89,82
8/27/2020,4:30PM,1326.81,52172.51,12,70,23
8/28/2020,12:01PM,1329.20,29447.80,07,30,46
8/28/2020,4:30PM,1323.31,54673.10,13,31,36
8/31/2020,12:01PM,1326.88,20132.41,82,15,26
8/31/2020,4:30PM,1310.66,54005.03,65,90,34
9/1/2020,12:01PM,1311.84,21554.84,44,43,49
9/1/2020,4:30PM,1305.57,48635.56,75,68,04
9/2/2020,12:01PM,1310.22,20006.46,26,67,39
9/2/2020,4:30PM,1315.88,43682.22,82,71,38
9/3/2020,12:01PM,1316.61,27496.29,16,31,32
9/3/2020,4:30PM,1311.95,50337.18,57,83,60
9/4/2020,12:01PM,,,,,
9/4/2020,4:30PM,,,,,
9/7/2020,12:01PM,,,,,
9/7/2020,4:30PM,,,,,
9/8/2020,12:01PM,1303.45,22778.97,58,80,69
9/8/2020,4:30PM,1293.80,45368.66,08,31,39
9/9/2020,12:01PM,1288.42,23138.79,28,66,40
9/9/2020,4:30PM,1293.40,47500.61,00,34,29
9/10/2020,12:01PM,1297.29,19347.46,97,27,79
9/10/2020,4:30PM,1290.89,42183.57,93,06,65
9/11/2020,12:01PM,1290.46,20506.51,66,04,69
9/11/2020,4:30PM,1279.96,44155.40,65,98,61
9/14/2020,12:01PM,1281.27,19930.72,70,22,69
9/14/2020,4:30PM,1272.34,40463.20,43,01,45
9/15/2020,12:01PM,1278.54,19085.82,45,01,82
9/15/2020,4:30PM,1286.18,43868.01,88,70,39
9/16/2020,12:01PM,1286.34,25973.67,43,88,63
9/16/2020,4:30PM,1293.48,52708.97,88,62,56
9/17/2020,12:01PM,1289.53,23130.83,30,88,79
9/17/2020,4:30PM,1284.40,46006.90,06,08,28
9/18/2020,12:01PM,1285.43,16846.64,36,97,37
9/18/2020,4:30PM,1288.39,49975.26,95,49,51
9/21/2020,12:01PM,1291.03,17399.04,39,77,73
9/21/2020,4:30PM,1275.16,40183.89,63,21,91
9/22/2020,12:01PM,1269.25,20002.62,52,01,29
9/22/2020,4:30PM,1267.63,42536.46,36,22,68
9/23/2020,12:01PM,1264.82,24626.91,26,90,43
9/23/2020,4:30PM,1264.01,50707.09,17,16,19
9/24/2020,12:01PM,1244.59,30736.74,96,82,97
9/24/2020,4:30PM,1247.46,56230.84,60,98,27
9/25/2020,12:01PM,1245.79,22273.23,93,16,58
9/25/2020,4:30PM,1244.94,45623.65,43,35,55
9/28/2020,12:01PM,1260.24,19249.64,49,62,02
9/28/2020,4:30PM,1263.02,41292.84,22,54,64
9/29/2020,12:01PM,1263.98,17697.97,87,73,84
9/29/2020,4:30PM,1257.34,38205.97,45,68,52
9/30/2020,12:01PM,1247.97,23579.06,79,81,79
9/30/2020,4:30PM,1237.04,48983.70,43,45,09
10/1/2020,12:01PM,1243.72,22683.03,23,80,30
10/1/2020,4:30PM,1247.59,44863.49,93,77,19
10/2/2020,12:01PM,1233.14,30155.04,45,69,35
10/2/2020,4:30PM,1237.54,54248.70,48,17,28
10/5/2020,12:01PM,1245.63,19870.50,30,40,94
10/5/2020,4:30PM,1242.99,39485.72,95,29,56
10/6/2020,12:01PM,1255.22,28259.26,29,31,98
10/6/2020,4:30PM,1250.15,56520.36,50,07,62
10/7/2020,12:01PM,1253.62,23601.69,21,94,18
10/7/2020,4:30PM,1263.71,52312.58,12,35,86
10/8/2020,12:01PM,1275.95,27232.80,52,45,82
10/8/2020,4:30PM,1274.83,56012.52,32,05,73
10/9/2020,12:01PM,1270.40,28378.69,08,77,95
10/9/2020,4:30PM,1267.14,51301.07,41,33,72
10/12/2020,12:01PM,1277.31,24744.06,14,42,42
10/12/2020,4:30PM,1273.43,46573.18,33,75,62
10/13/2020,12:01PM,,,,,
10/13/2020,4:30PM,,,,,
10/14/2020,12:01PM,1263.41,28588.98,18,35,47
10/14/2020,4:30PM,1263.99,51802.58,92,30,64
10/15/2020,12:01PM,1253.61,27360.38,10,62,56
10/15/2020,4:30PM,1242.96,54209.15,69,47,45
10/16/2020,12:01PM,1235.95,22219.20,59,31,97
10/16/2020,4:30PM,1233.68,44575.81,85,21,24
10/19/2020,12:01PM,1210.93,32133.31,33,23,41
10/19/2020,4:30PM,1208.75,54008.12,58,89,71
10/20/2020,12:01PM,1205.23,35916.19,36,78,32
10/20/2020,4:30PM,1210.67,59284.65,74,54,74
10/21/2020,12:01PM,1222.15,29482.61,52,74,09
10/21/2020,4:30PM,1216.48,54423.28,83,28,77
10/22/2020,12:01PM,1221.87,35757.96,77,30,34
10/22/2020,4:30PM,1213.61,66255.54,15,65,65
10/23/2020,12:01PM,,,,,
10/23/2020,4:30PM,,,,,
10/26/2020,12:01PM,1213.09,23264.79,94,28,26
10/26/2020,4:30PM,1207.97,41590.72,70,01,21
10/27/2020,12:01PM,1206.30,22213.71,03,51,84
10/27/2020,4:30PM,1208.95,45732.01,52,44,48
10/28/2020,12:01PM,1216.95,26853.92,53,26,25
10/28/2020,4:30PM,1207.94,55081.11,41,69,09
10/29/2020,12:01PM,1204.83,26803.84,33,70,36
10/29/2020,4:30PM,1201.64,50838.77,48,98,84
10/30/2020,12:01PM,1194.80,26149.43,09,97,53
10/30/2020,4:30PM,1194.95,52725.69,55,08,08
11/2/2020,12:01PM,1195.94,19134.74,44,33,38
11/2/2020,4:30PM,1202.16,40738.51,68,47,18
11/3/2020,12:01PM,1218.16,23995.08,65,83,95
11/3/2020,4:30PM,1221.33,50169.98,39,92,84
11/4/2020,12:01PM,1222.82,24604.30,24,71,72
11/4/2020,4:30PM,1222.44,49807.92,47,70,36
11/5/2020,12:01PM,1241.64,32514.88,44,86,11
11/5/2020,4:30PM,1264.32,80914.90,24,83,68
11/6/2020,12:01PM,1259.73,36029.60,39,29,29
11/6/2020,4:30PM,1260.08,73524.08,84,79,62
11/9/2020,12:01PM,1291.07,45823.18,73,97,19
11/9/2020,4:30PM,1285.88,77886.02,86,65,35
11/10/2020,12:01PM,1326.55,85416.98,56,40,63
11/10/2020,4:30PM,1341.24,166674.91,44,24,71
11/11/2020,12:01PM,1352.30,65834.28,04,99,51
11/11/2020,4:30PM,1345.34,117152.65,42,03,45
11/12/2020,12:01PM,1332.90,56357.60,07,87,57
11/12/2020,4:30PM,1336.31,97248.89,18,98,66
11/13/2020,12:01PM,1350.13,57027.68,37,18,99
11/13/2020,4:30PM,1346.47,92036.21,76,26,62
11/16/2020,12:01PM,1359.47,43590.37,70,17,53
11/16/2020,4:30PM,1351.06,78504.00,64,30,66
11/17/2020,12:01PM,1365.73,46957.94,37,48,62
11/17/2020,4:30PM,1349.81,90085.63,15,95,40
11/18/2020,12:01PM,1349.25,34596.17,56,68,38
11/18/2020,4:30PM,1364.59,66934.72,94,74,92
11/19/2020,12:01PM,1368.80,44806.31,06,63,15
11/19/2020,4:30PM,1369.42,82325.27,25,06,57
11/20/2020,12:01PM,1378.23,41666.52,36,96,51
11/20/2020,4:30PM,1389.34,90575.97,45,73,85
11/23/2020,12:01PM,1415.82,60018.03,28,81,39
11/23/2020,4:30PM,1420.43,105036.78,36,88,13
11/24/2020,12:01PM,1420.03,58827.73,37,61,62
11/24/2020,4:30PM,1401.63,102837.88,37,60,68
11/25/2020,12:01PM,1407.38,69071.23,81,67,89
11/25/2020,4:30PM,1415.72,117120.20,20,03,69
11/26/2020,12:01PM,1426.43,40442.46,32,70,62
11/26/2020,4:30PM,1433.56,80409.51,69,73,53
11/27/2020,12:01PM,1437.71,45844.91,14,66,84
11/27/2020,4:30PM,1437.78,77321.67,81,00,38
11/30/2020,12:01PM,1418.89,45206.43,96,78,93
11/30/2020,4:30PM,1408.31,120486.50,16,52,15
12/1/2020,12:01PM,1429.92,41482.80,22,45,70
12/1/2020,4:30PM,1420.87,78416.50,76,33,62
12/2/2020,12:01PM,1426.15,39914.02,54,56,84
12/2/2020,4:30PM,1417.95,78203.81,53,02,89
12/3/2020,12:01PM,1424.50,35642.25,02,35,40
12/3/2020,4:30PM,1438.32,82636.93,26,00,83
12/4/2020,12:01PM,1453.12,44956.08,26,16,68
12/4/2020,4:30PM,1449.83,82776.88,36,28,57
12/7/2020,12:01PM,,,,,
12/7/2020,4:30PM,,,,,
12/8/2020,12:01PM,1475.85,60658.95,58,86,53
12/8/2020,4:30PM,1478.92,123462.49,22,52,36
12/9/2020,12:01PM,1482.74,77635.93,45,03,46
12/9/2020,4:30PM,1482.67,123396.73,76,51,62
12/10/2020,12:01PM,,,,,
12/10/2020,4:30PM,,,,,
12/11/2020,12:01PM,,,,,
12/11/2020,4:30PM,,,,,
12/14/2020,12:01PM,1480.22,63860.12,20,05,85
12/14/2020,4:30PM,1476.13,107352.26,32,07,92
12/15/2020,12:01PM,1463.75,46453.28,53,99,84
12/15/2020,4:30PM,1477.21,91745.00,15,23,70
12/16/2020,12:01PM,1476.73,70258.00,38,03,43
12/16/2020,4:30PM,1482.09,106421.94,91,22,06
12/17/2020,12:01PM,1491.75,73889.00,59,68,75
12/17/2020,4:30PM,1483.89,112756.84,96,54,19
12/18/2020,12:01PM,1478.80,60568.17,08,09,62
12/18/2020,4:30PM,1482.38,117095.61,85,13,98
12/21/2020,12:01PM,1437.01,67793.27,13,04,26
12/21/2020,4:30PM,1401.78,129435.44,85,61,84
12/22/2020,12:01PM,1418.75,50657.72,57,92,28
12/22/2020,4:30PM,1424.39,87824.78,94,31,96
12/23/2020,12:01PM,1422.97,47495.39,75,76,36
12/23/2020,4:30PM,1416.02,89556.24,26,29,60
12/24/2020,12:01PM,1434.02,61897.88,27,95,68
12/24/2020,4:30PM,1451.52,103386.18,26,91,07
12/25/2020,12:01PM,1483.65,54761.55,51,16,06
12/25/2020,4:30PM,1486.31,88244.00,14,88,61
12/28/2020,12:01PM,1495.52,53240.16,20,68,64
12/28/2020,4:30PM,1452.67,103634.29,74,92,34
12/29/2020,12:01PM,1450.37,40549.90,79,95,87
12/29/2020,4:30PM,1461.95,77719.72,59,90,18
12/30/2020,12:01PM,1450.18,44159.47,89,69,44
12/30/2020,4:30PM,1449.35,87544.52,54,18,18
12/31/2020,12:01PM,,,,,
12/31/2020,4:30PM,,,,,
1/1/2021,12:01PM,,,,,
1/1/2021,4:30PM,,,,,
1/4/2021,12:01PM,1443.99,43230.15,90,88,06
1/4/2021,4:30PM,1468.24,89208.19,48,58,63
1/5/2021,12:01PM,1481.60,55232.98,02,65,92
1/5/2021,4:30PM,1506.65,115299.85,59,60,64
1/6/2021,12:01PM,1509.76,72906.85,66,58,24
1/6/2021,4:30PM,1492.36,142327.03,67,21,86
1/7/2021,12:01PM,1514.45,63188.24,58,22,22
1/7/2021,4:30PM,1513.78,121326.10,86,80,39
1/8/2021,12:01PM,1538.34,66827.37,47,29,22
1/8/2021,4:30PM,1536.44,125081.17,41,05,25
1/11/2021,12:01PM,1547.35,44861.45,51,51,24
1/11/2021,4:30PM,1536.49,93806.41,96,90,35
1/12/2021,12:01PM,1533.55,47547.27,57,39,57
1/12/2021,4:30PM,1539.85,90163.85,53,56,95
1/13/2021,12:01PM,1556.77,54384.10,74,04,00
1/13/2021,4:30PM,1547.31,106700.02,10,04,94
1/14/2021,12:01PM,1540.62,51487.37,27,29,54
1/14/2021,4:30PM,1535.98,97201.58,81,02,68
1/15/2021,12:01PM,1519.91,50158.35,18,31,35
1/15/2021,4:30PM,1519.13,101413.90,33,31,95
1/18/2021,12:01PM,1508.09,38599.55,99,48,28
1/18/2021,4:30PM,1510.13,74438.29,38,77,57
1/19/2021,12:01PM,1528.78,44577.42,87,68,59
1/19/2021,4:30PM,1522.59,87641.98,91,41,02
1/20/2021,12:01PM,1514.95,49529.56,59,69,86
1/20/2021,4:30PM,1515.72,93559.65,29,94,83
1/21/2021,12:01PM,1524.24,49698.69,48,39,89
1/21/2021,4:30PM,1513.51,98996.83,16,28,35
1/22/2021,12:01PM,1504.00,50838.93,08,77,36
1/22/2021,4:30PM,1497.88,96698.65,88,03,70
1/25/2021,12:01PM,1496.05,42804.15,54,84,58
1/25/2021,4:30PM,1501.62,82777.70,27,71,33
1/26/2021,12:01PM,1497.05,40491.21,51,39,62
1/26/2021,4:30PM,1512.83,87825.28,35,05,18
1/27/2021,12:01PM,1512.85,38922.74,52,12,04
1/27/2021,4:30PM,1498.13,78817.59,37,43,53
1/28/2021,12:01PM,1483.27,48531.98,71,09,97
1/28/2021,4:30PM,1468.51,92614.64,14,09,71
1/29/2021,12:01PM,1459.27,46014.05,74,25,63
1/29/2021,4:30PM,1466.98,95785.18,85,83,90
2/1/2021,12:01PM,1475.89,42115.70,95,66,64
2/1/2021,4:30PM,1478.05,77818.34,58,63,63
2/2/2021,12:01PM,1486.22,42020.78,20,24,22
2/2/2021,4:30PM,1486.25,77033.49,53,81,35
2/3/2021,12:01PM,1496.58,40880.03,80,86,86
2/3/2021,4:30PM,1481.75,79484.76,54,34,31
2/4/2021,12:01PM,1479.82,36743.57,23,87,92
2/4/2021,4:30PM,1482.98,77840.06,80,34,98
2/5/2021,12:01PM,1497.25,43490.00,50,59,73
2/5/2021,4:30PM,1496.61,79352.02,12,26,96
2/8/2021,12:01PM,1514.89,49915.98,95,93,84
2/8/2021,4:30PM,1516.43,94278.81,38,74,25
2/9/2021,12:01PM,1528.24,52545.68,45,86,92
2/9/2021,4:30PM,1518.27,92889.81,79,88,19
2/10/2021,12:01PM,1519.68,41476.40,86,67,46
2/10/2021,4:30PM,1516.94,74892.44,42,20,29
2/11/2021,12:01PM,1506.28,60188.32,88,49,81
2/11/2021,4:30PM,1508.35,106410.20,50,58,96
2/12/2021,12:01PM,,,,,
2/12/2021,4:30PM,,,,,
2/15/2021,12:01PM,1528.52,61243.13,23,74,73
2/15/2021,4:30PM,1522.72,106651.80,21,24,80
2/16/2021,12:01PM,1526.69,47127.59,97,84,87
2/16/2021,4:30PM,1523.11,87874.95,14,64,70
2/17/2021,12:01PM,1520.07,48884.11,74,89,05
2/17/2021,4:30PM,1514.91,96456.06,16,99,69
2/18/2021,12:01PM,1512.90,50602.98,02,84,93
2/18/2021,4:30PM,1511.03,97631.17,31,22,79
2/19/2021,12:01PM,1501.07,50722.17,72,71,83
2/19/2021,4:30PM,1500.51,90518.99,18,96,92
2/22/2021,12:01PM,1495.97,45931.91,71,59,56
2/22/2021,4:30PM,1478.14,89859.24,49,75,56
2/23/2021,12:01PM,1499.90,46920.79,00,94,80
2/23/2021,4:30PM,1500.61,86126.12,16,46,02
2/24/2021,12:01PM,1490.52,51255.21,25,73,92
2/24/2021,4:30PM,1491.11,96248.34,18,55,00
2/25/2021,12:01PM,1509.19,51758.15,98,90,93
2/25/2021,4:30PM,1496.78,124121.22,81,61,94
2/26/2021,12:01PM,,,,,
2/26/2021,4:30PM,,,,,
3/1/2021,12:01PM,1498.60,48172.83,02,02,59
3/1/2021,4:30PM,1500.92,84565.35,25,01,30
3/2/2021,12:01PM,1506.06,48573.13,63,32,74
3/2/2021,4:30PM,1503.36,88905.25,65,09,08
3/3/2021,12:01PM,1527.76,61255.51,65,72,79
3/3/2021,4:30PM,1543.40,118270.83,00,19,22
3/4/2021,12:01PM,1537.47,61930.23,70,95,45
3/4/2021,4:30PM,1534.11,108854.87,14,13,75
3/5/2021,12:01PM,1545.30,63637.36,07,43,29
3/5/2021,4:30PM,1544.11,104811.72,11,80,11
3/8/2021,12:01PM,1556.25,56520.52,50,39,28
3/8/2021,4:30PM,1543.76,108474.21,64,05,35
3/9/2021,12:01PM,1546.89,50151.43,91,68,08
3/9/2021,4:30PM,1550.59,99228.68,98,36,16
3/10/2021,12:01PM,1562.52,54794.69,24,26,35
3/10/2021,4:30PM,1573.05,107925.07,55,89,67
3/11/2021,12:01PM,1578.02,55639.95,29,50,31
3/11/2021,4:30PM,1575.13,102012.26,32,51,99
3/12/2021,12:01PM,1569.99,46554.96,94,23,60
3/12/2021,4:30PM,1568.19,84023.49,93,49,61
3/15/2021,12:01PM,1567.71,38208.76,18,,
3/15/2021,4:30PM,1565.73,72811.44,31,,
3/16/2021,12:01PM,1571.75,49801.17,51,,
3/16/2021,4:30PM,1564.03,88299.24,39,,
3/17/2021,12:01PM,1562.31,51529.11,19,,
3/17/2021,4:30PM,1566.76,92178.77,68,,
3/18/2021,12:01PM,1577.86,42283.26,63,,
3/18/2021,4:30PM,1568.82,81007.58,27,,
3/19/2021,12:01PM,1560.40,38990.79,00,39,49
3/19/2021,4:30PM,1563.96,88717.86,67,08,05
3/22/2021,12:01PM,1565.83,39520.37,30,60,24
3/22/2021,4:30PM,1566.36,76509.98,69,59,60
3/23/2021,12:01PM,1567.51,51376.07,16,54,94
3/23/2021,4:30PM,1564.25,93389.74,59,62,33
3/24/2021,12:01PM,1563.94,45257.46,47,80,15
3/24/2021,4:30PM,1570.83,85436.91,36,56,75
3/25/2021,12:01PM,1575.26,49551.39,61,72,26
3/25/2021,4:30PM,1571.04,93972.10,42,75,02
3/26/2021,12:01PM,1576.38,38957.28,87,63,48
3/26/2021,4:30PM,1574.86,74487.28,67,98,13
3/29/2021,12:01PM,1589.81,39169.17,19,73,82
3/29/2021,4:30PM,1583.89,71308.38,98,27,94
3/30/2021,12:01PM,1592.81,63291.54,11,13,19
3/30/2021,4:30PM,1589.53,107224.29,34,14,76
3/31/2021,12:01PM,1592.04,33852.08,42,89,63
3/31/2021,4:30PM,1587.21,72418.48,18,,
4/1/2021,12:01PM,1598.19,40403.45,93,81,69
4/1/2021,4:30PM,1595.12,76941.15,21,04,05
4/2/2021,12:01PM,1601.28,44525.89,85,42,98
4/2/2021,4:30PM,1596.27,76521.44,71,77,03
4/5/2021,12:01PM,1579.17,52160.73,70,50,14
4/5/2021,4:30PM,1579.66,81506.36,66,46,03
4/6/2021,12:01PM,,,,,
4/6/2021,4:30PM,,,,,
4/7/2021,12:01PM,1565.10,56644.81,04,92,76
4/7/2021,4:30PM,1556.56,107774.43,64,74,01
4/8/2021,12:01PM,1558.47,43497.20,77,25,70
4/8/2021,4:30PM,1558.83,83642.81,32,82,86
4/9/2021,12:01PM,1569.55,43492.90,52,87,52
4/9/2021,4:30PM,1566.34,82962.59,42,34,17
4/12/2021,12:01PM,1549.03,41149.52,39,87,52
4/12/2021,4:30PM,1541.12,78223.59,23,21,20
4/13/2021,12:01PM,,,,,
4/13/2021,4:30PM,,,,,
4/14/2021,12:01PM,,,,,
4/14/2021,4:30PM,,,,,
4/15/2021,12:01PM,,,,,
4/15/2021,4:30PM,,,,,
4/16/2021,12:01PM,1543.98,51034.20,84,98,07
4/16/2021,4:30PM,1548.96,89461.41,61,72,75
4/19/2021,12:01PM,1567.40,49004.17,04,75,02
4/19/2021,4:30PM,1574.91,87452.88,12,79,76
4/20/2021,12:01PM,1576.50,53169.20,09,13,59
4/20/2021,4:30PM,1580.04,102624.85,44,23,12
4/21/2021,12:01PM,1579.93,42269.55,39,20,60
4/21/2021,4:30PM,1580.01,80536.65,16,46,26
4/22/2021,12:01PM,1578.51,50025.09,15,13,26
4/22/2021,4:30PM,1568.21,93330.76,10,42,27
4/23/2021,12:01PM,1556.79,45333.56,93,99,40
4/23/2021,4:30PM,1553.59,86151.91,91,51,57
4/26/2021,12:01PM,1553.82,43750.20,20,79,59
4/26/2021,4:30PM,1559.53,83672.26,32,43,03
4/27/2021,12:01PM,1565.24,50334.76,44,04,68
4/27/2021,4:30PM,1559.23,97524.50,34,18,38
4/28/2021,12:01PM,1576.09,52593.04,93,50,80
4/28/2021,4:30PM,1576.79,94645.25,95,22,58
4/29/2021,12:01PM,1589.59,46620.16,90,16,25
4/29/2021,4:30PM,1590.46,89565.47,65,82,50
4/30/2021,12:01PM,1587.09,43583.52,93,39,34
4/30/2021,4:30PM,1583.13,85480.11,30,89,83
5/3/2021,12:01PM,,,,,
5/3/2021,4:30PM,,,,,
5/4/2021,12:01PM,,,,,
5/4/2021,4:30PM,,,,,
5/5/2021,12:01PM,1555.01,73502.33,12,62,17
5/5/2021,4:30PM,1549.22,127109.24,29,63,95
5/6/2021,12:01PM,1565.74,49206.98,46,53,55
5/6/2021,4:30PM,1571.91,91321.21,11,67,38
5/7/2021,12:01PM,1587.24,53663.16,43,31,91
5/7/2021,4:30PM,1585.03,93877.50,37,63,90
5/10/2021,12:01PM,1589.21,65022.02,12,31,10
5/10/2021,4:30PM,1588.15,111864.85,54,39,62
5/11/2021,12:01PM,1582.14,47948.73,48,96,63
5/11/2021,4:30PM,1578.93,102357.93,37,30,40
5/12/2021,12:01PM,1565.56,60944.31,64,08,09
5/12/2021,4:30PM,1571.85,117160.58,50,78,59
5/13/2021,12:01PM,1556.81,52602.86,12,21,47
5/13/2021,4:30PM,1548.13,143714.02,34,41,72
5/14/2021,12:01PM,1547.08,57324.52,84,31,57
5/14/2021,4:30PM,1549.48,97358.94,88,09,14
5/17/2021,12:01PM,1542.59,53388.69,98,28,31
5/17/2021,4:30PM,1549.16,98562.00,62,74,04
5/18/2021,12:01PM,1566.48,53135.08,85,71,38
5/18/2021,4:30PM,1566.80,98214.66,04,21,22
5/19/2021,12:01PM,1563.20,46861.28,01,79,59
5/19/2021,4:30PM,1562.24,83533.62,43,68,46
5/20/2021,12:01PM,1563.85,48424.13,54,89,62
5/20/2021,4:30PM,1554.54,90007.36,47,18,13
5/21/2021,12:01PM,1555.07,45927.02,77,68,67
5/21/2021,4:30PM,1552.44,80932.07,42,12,17
5/24/2021,12:01PM,1554.30,35889.79,09,71,91
5/24/2021,4:30PM,1551.85,78740.77,50,15,29
5/25/2021,12:01PM,1566.86,46574.10,64,98,43
5/25/2021,4:30PM,1568.58,88951.30,81,40,28
5/26/2021,12:01PM,,,,,
5/26/2021,4:30PM,,,,,
5/27/2021,12:01PM,1580.24,67290.61,40,20,60
5/27/2021,4:30PM,1582.96,175296.31,66,01,04
5/28/2021,12:01PM,1589.21,55765.47,15,09,47
5/28/2021,4:30PM,1581.98,99508.23,88,81,61
5/31/2021,12:01PM,1589.93,40141.77,31,90,28
5/31/2021,4:30PM,1593.59,79813.26,93,17,89
6/1/2021,12:01PM,1604.85,53281.25,51,39,51
6/1/2021,4:30PM,1618.59,116037.86,97,92,95
6/2/2021,12:01PM,1615.49,61580.36,90,25,36
6/2/2021,4:30PM,1617.55,101450.30,50,16,86
6/3/2021,12:01PM,,,,,
6/3/2021,4:30PM,,,,,
6/4/2021,12:01PM,1619.22,45565.08,25,53,03
6/4/2021,4:30PM,1611.53,106351.03,31,18,18
6/7/2021,12:01PM,1621.28,49919.43,89,15,18
6/7/2021,4:30PM,1612.59,88490.01,90,90,38
6/8/2021,12:01PM,1611.14,54464.41,44,17,10
6/8/2021,4:30PM,1612.88,100259.61,89,19,80
6/9/2021,12:01PM,1623.40,48322.21,02,58,28
6/9/2021,4:30PM,1626.27,94107.06,77,82,60
6/10/2021,12:01PM,1628.51,63898.63,18,20,30
6/10/2021,4:30PM,1625.27,105961.36,71,90,98
6/11/2021,12:01PM,1633.47,57752.40,72,51,47
6/11/2021,4:30PM,1636.56,106114.03,64,20,18
6/14/2021,12:01PM,1636.76,45354.43,64,19,89
6/14/2021,4:30PM,1633.06,85113.84,63,71,93
6/15/2021,12:01PM,1630.12,40707.30,27,78,78
6/15/2021,4:30PM,1622.31,90036.99,16,12,09
6/16/2021,12:01PM,1630.22,49558.28,28,03,82
6/16/2021,4:30PM,1624.79,90477.26,97,89,32
6/17/2021,12:01PM,1628.80,47183.94,03,98,78
6/17/2021,4:30PM,1617.65,88017.63,57,97,18
6/18/2021,12:01PM,1605.50,49105.35,05,03,03
6/18/2021,4:30PM,1612.98,110189.28,89,39,52
6/21/2021,12:01PM,1596.64,48817.72,47,17,79
6/21/2021,4:30PM,1601.13,83153.17,33,15,98
6/22/2021,12:01PM,1610.44,41106.86,46,82,50
6/22/2021,4:30PM,1599.23,81592.73,32,40,08
6/23/2021,12:01PM,1603.94,41341.30,41,71,60
6/23/2021,4:30PM,1592.08,77735.03,85,28,21
6/24/2021,12:01PM,1574.55,53929.07,59,08,41
6/24/2021,4:30PM,1585.72,89179.13,29,17,64
6/25/2021,12:01PM,1586.64,34283.60,43,32,32
6/25/2021,4:30PM,1582.67,68187.83,77,29,74
6/28/2021,12:01PM,1577.14,38753.39,43,40,90
6/28/2021,4:30PM,1579.17,68835.44,75,03,39
6/29/2021,12:01PM,1586.28,39957.60,87,79,30
6/29/2021,4:30PM,1591.43,79039.37,39,71,92
6/30/2021,12:01PM,1595.51,39524.73,14,04,90
6/30/2021,4:30PM,1587.79,83598.85,98,75,75
7/1/2021,12:01PM,1591.21,43074.42,14,85,41
7/1/2021,4:30PM,1593.75,81322.96,52,83,78
7/2/2021,12:01PM,1582.96,41440.46,60,03,92
7/2/2021,4:30PM,1578.49,80922.70,92,80,10
7/5/2021,12:01PM,1578.51,30706.14,16,03,40
7/5/2021,4:30PM,1579.28,58232.61,82,39,36
7/6/2021,12:01PM,1592.59,35116.36,96,41,61
7/6/2021,4:30PM,1591.43,69485.37,35,03,49
7/7/2021,12:01PM,1583.04,39156.33,46,82,29
7/7/2021,4:30PM,1576.60,82477.06,07,41,94
7/8/2021,12:01PM,1552.25,60240.11,50,61,80
7/8/2021,4:30PM,1543.67,110954.67,74,16,71
7/9/2021,12:01PM,1544.80,50776.02,06,70,73
7/9/2021,4:30PM,1552.09,85261.14,91,30,19
7/12/2021,12:01PM,1551.65,39028.23,58,13,30
7/12/2021,4:30PM,1549.84,75442.25,42,40,72
7/13/2021,12:01PM,1567.79,41986.94,96,94,50
7/13/2021,4:30PM,1570.99,75222.98,92,40,90
7/14/2021,12:01PM,1563.66,37891.49,61,05,69
7/14/2021,4:30PM,1569.70,72585.78,05,16,01
7/15/2021,12:01PM,1579.38,47125.89,85,92,92
7/15/2021,4:30PM,1572.01,83261.25,11,12,32
7/16/2021,12:01PM,1574.06,44380.55,60,16,89
7/16/2021,4:30PM,1574.37,80445.35,75,13,49
7/19/2021,12:01PM,1558.87,35365.80,75,12,60
7/19/2021,4:30PM,1556.01,66729.12,19,02,24
7/20/2021,12:01PM,1531.19,56812.55,92,63,29
7/20/2021,4:30PM,1538.86,92956.58,66,52,95
7/21/2021,12:01PM,1533.65,38139.24,59,71,82
7/21/2021,4:30PM,1540.88,73683.46,83,27,12
7/22/2021,12:01PM,1549.64,41522.05,42,81,97
7/22/2021,4:30PM,1552.36,69687.13,67,16,30
7/23/2021,12:01PM,1546.51,32004.35,14,35,23
7/23/2021,4:30PM,1545.10,59508.14,08,22,92
7/26/2021,12:01PM,,,,,
7/26/2021,4:30PM,,,,,
7/27/2021,12:01PM,1542.11,35545.97,15,69,91
7/27/2021,4:30PM,1537.63,70265.17,35,21,18
7/28/2021,12:01PM,,,,,
7/28/2021,4:30PM,,,,,
7/29/2021,12:01PM,1539.80,39690.18,00,39,80
7/29/2021,4:30PM,1537.78,79544.44,84,68,30
7/30/2021,12:01PM,1521.33,47219.26,39,17,14
7/30/2021,4:30PM,1521.92,87720.54,20,63,53
8/2/2021,12:01PM,1521.49,35967.25,97,47,18
8/2/2021,4:30PM,1525.11,66337.76,17,78,70
8/3/2021,12:01PM,1536.21,37574.57,14,48,69
8/3/2021,4:30PM,1540.51,69692.10,12,19,90
8/4/2021,12:01PM,1535.74,28171.18,41,13,97
8/4/2021,4:30PM,1545.86,66896.57,66,16,51
8/5/2021,12:01PM,1536.71,37892.32,12,58,79
8/5/2021,4:30PM,1527.66,81298.00,68,59,92
8/6/2021,12:01PM,1520.78,47262.14,82,91,21
8/6/2021,4:30PM,1521.72,82728.30,28,11,86
8/9/2021,12:01PM,1539.05,37835.21,55,25,79
8/9/2021,4:30PM,1540.19,69892.57,92,56,14
8/10/2021,12:01PM,1547.92,40763.31,23,97,96
8/10/2021,4:30PM,1542.62,81611.14,21,25,57
8/11/2021,12:01PM,1539.61,50971.32,11,87,23
8/11/2021,4:30PM,1532.71,99756.52,16,59,93
8/12/2021,12:01PM,,,,,
8/12/2021,4:30PM,,,,,
8/13/2021,12:01PM,1532.09,42374.14,94,89,15
8/13/2021,4:30PM,1528.32,82024.22,24,98,12
8/16/2021,12:01PM,1521.86,43875.13,65,34,69
8/16/2021,4:30PM,1531.24,77166.69,46,58,58
8/17/2021,12:01PM,1538.52,42759.03,29,93,85
8/17/2021,4:30PM,1544.22,83148.00,28,84,48
8/18/2021,12:01PM,1554.24,45049.86,49,95,29
8/18/2021,4:30PM,1551.87,81901.65,71,32,17
8/19/2021,12:01PM,1552.35,43804.84,54,53,65
8/19/2021,4:30PM,1544.28,78153.87,83,72,71
8/20/2021,12:01PM,1551.85,39464.85,54,52,89
8/20/2021,4:30PM,1553.18,82371.05,81,78,32
8/23/2021,12:01PM,1571.58,63012.54,82,40,92
8/23/2021,4:30PM,1582.07,114581.00,71,35,81
8/24/2021,12:01PM,1592.38,59501.15,81,43,73
8/24/2021,4:30PM,1586.98,100708.84,88,88,58
8/25/2021,12:01PM,1592.70,49308.05,08,42,38
8/25/2021,4:30PM,1600.49,92934.26,94,83,12
8/26/2021,12:01PM,1600.88,45189.94,89,90,81
8/26/2021,4:30PM,1601.91,81237.06,17,30,85
8/27/2021,12:01PM,1610.74,50916.99,46,56,71
8/27/2021,4:30PM,1611.20,95446.43,06,79,09
8/30/2021,12:01PM,1633.84,69499.06,49,52,80
8/30/2021,4:30PM,1633.77,117382.73,72,98,98
8/31/2021,12:01PM,1639.76,55172.78,62,81,61
8/31/2021,4:30PM,1638.75,117917.78,57,33,60
9/1/2021,12:01PM,1635.77,65490.03,70,16,08
9/1/2021,4:30PM,1634.48,117677.56,87,61,82
9/2/2021,12:01PM,1641.12,54293.86,23,58,80
9/2/2021,4:30PM,1647.75,101413.00,53,82,06
9/3/2021,12:01PM,1651.17,45586.08,76,14,20
9/3/2021,4:30PM,1650.33,78707.76,37,01,69
9/6/2021,12:01PM,1650.27,44839.29,79,39,65
9/6/2021,4:30PM,1648.37,78324.98,74,51,78
9/7/2021,12:01PM,1652.14,51386.23,46,94,53
9/7/2021,4:30PM,1636.45,101888.76,58,18,17
9/8/2021,12:01PM,1634.24,49733.70,43,09,39
9/8/2021,4:30PM,1640.45,89924.67,54,74,93
9/9/2021,12:01PM,1635.50,46758.30,08,90,67
9/9/2021,4:30PM,1629.12,91098.61,28,76,80
9/10/2021,12:01PM,1628.84,50740.92,40,70,84
9/10/2021,4:30PM,1635.35,92056.38,56,95,18
9/13/2021,12:01PM,1631.18,47618.96,88,20,67
9/13/2021,4:30PM,1633.76,86159.97,69,51,65
9/14/2021,12:01PM,1627.20,47470.49,00,49,76
9/14/2021,4:30PM,1623.84,84176.04,46,10,91
9/15/2021,12:01PM,1628.12,41221.14,21,09,87
9/15/2021,4:30PM,1628.04,73187.40,47,55,95
9/16/2021,12:01PM,1633.47,40208.18,78,32,76
9/16/2021,4:30PM,1631.70,79594.58,04,80,60
9/17/2021,12:01PM,1621.15,52429.97,59,04,81
9/17/2021,4:30PM,1625.65,105671.89,51,67,69
9/20/2021,12:01PM,1616.09,42121.27,91,36,08
9/20/2021,4:30PM,1603.06,85013.63,63,55,15
9/21/2021,12:01PM,1609.60,46449.46,09,04,80
9/21/2021,4:30PM,1614.86,83910.37,60,33,02
9/22/2021,12:01PM,1616.54,41153.35,43,63,06
9/22/2021,4:30PM,1619.59,79028.45,98,60,15
9/23/2021,12:01PM,1626.95,77152.21,52,85,37
9/23/2021,4:30PM,1631.15,140532.64,52,47,51
9/24/2021,12:01PM,,,,,
9/24/2021,4:30PM,,,,,
9/27/2021,12:01PM,1633.26,76890.47,60,57,51
9/27/2021,4:30PM,1620.02,135801.95,21,03,00
9/28/2021,12:01PM,1625.04,55122.60,42,90,99
9/28/2021,4:30PM,1616.50,98947.17,07,93,40
9/29/2021,12:01PM,1616.20,51765.35,05,20,19
9/29/2021,4:30PM,1616.98,93119.73,89,31,80
9/30/2021,12:01PM,1613.34,46071.78,41,24,98
9/30/2021,4:30PM,1605.68,90650.11,80,43,19
10/1/2021,12:01PM,1598.88,40469.61,89,06,98
10/1/2021,4:30PM,1605.17,75664.82,74,40,49
10/4/2021,12:01PM,1619.57,43551.82,71,59,91
10/4/2021,4:30PM,1614.48,78693.93,83,93,00
10/5/2021,12:01PM,1623.62,49935.38,25,28,48
10/5/2021,4:30PM,1624.24,88969.42,49,66,83
10/6/2021,12:01PM,1631.80,52166.89,06,26,38
10/6/2021,4:30PM,1619.48,97659.10,89,67,40
10/7/2021,12:01PM,1634.22,59035.13,25,15,17
10/7/2021,4:30PM,1633.72,100949.99,29,11,29
10/8/2021,12:01PM,1641.44,55693.72,43,03,97
10/8/2021,4:30PM,1639.41,92939.35,19,31,87
10/11/2021,12:01PM,1634.51,48646.69,16,79,38
10/11/2021,4:30PM,1633.44,82978.81,48,86,89
10/12/2021,12:01PM,1640.77,55036.07,76,02,61
10/12/2021,4:30PM,1643.64,93081.47,41,14,89
10/13/2021,12:01PM,,,,,
10/13/2021,4:30PM,,,,,
10/14/2021,12:01PM,1642.61,46427.00,17,84,38
10/14/2021,4:30PM,1640.97,84963.95,73,07,33
10/15/2021,12:01PM,1641.62,46899.92,29,19,99
10/15/2021,4:30PM,1638.34,84751.66,41,44,11
10/18/2021,12:01PM,1642.91,51280.81,10,97,99
10/18/2021,4:30PM,1643.92,80254.45,24,38,25
10/19/2021,12:01PM,1630.26,62561.27,61,91,24
10/19/2021,4:30PM,1630.39,96547.31,97,72,58
10/20/2021,12:01PM,1635.32,37693.42,23,01,95
10/20/2021,4:30PM,1637.55,67918.45,58,46,92
10/21/2021,12:01PM,1640.90,37100.98,00,83,42
10/21/2021,4:30PM,1643.42,71285.02,25,28,79
10/22/2021,12:01PM,,,,,
10/22/2021,4:30PM,,,,,
10/25/2021,12:01PM,1634.42,41469.39,29,56,69
10/25/2021,4:30PM,1634.20,65177.10,07,86,80
10/26/2021,12:01PM,1637.49,49483.35,93,43,87
10/26/2021,4:30PM,1635.97,79345.23,75,67,29
10/27/2021,12:01PM,1631.35,38440.83,50,55,71
10/27/2021,4:30PM,1627.61,69387.66,17,27,31
10/28/2021,12:01PM,1629.03,41114.61,34,77,50
10/28/2021,4:30PM,1624.31,74096.00,16,86,96
10/29/2021,12:01PM,1621.25,35940.23,50,25,70
10/29/2021,4:30PM,1623.43,66747.49,37,43,78
11/1/2021,12:01PM,1615.76,39659.35,69,43,06
11/1/2021,4:30PM,1613.78,69806.13,86,79,75
11/2/2021,12:01PM,1620.76,45259.59,69,56,85
11/2/2021,4:30PM,1617.89,76900.88,90,63,23
11/3/2021,12:01PM,1618.89,43493.09,93,19,75
11/3/2021,4:30PM,1611.92,84727.33,27,35,01
11/4/2021,12:01PM,1621.55,53760.21,50,71,80
11/4/2021,4:30PM,1626.27,85650.24,70,65,50
11/5/2021,12:01PM,1622.89,35907.97,97,89,90
11/5/2021,4:30PM,1626.22,67472.24,22,14,10
11/8/2021,12:01PM,1626.36,52185.21,65,31,68
11/8/2021,4:30PM,1626.13,86639.98,39,65,08
11/9/2021,12:01PM,1628.78,36879.96,89,71,68
11/9/2021,4:30PM,1631.69,71995.37,95,74,39
11/10/2021,12:01PM,1627.60,39329.34,09,26,60
11/10/2021,4:30PM,1630.47,67908.26,78,61,39
11/11/2021,12:01PM,1631.08,32851.95,81,58,88
11/11/2021,4:30PM,1632.44,63501.66,41,85,99
11/12/2021,12:01PM,1634.75,41333.82,53,30,06
11/12/2021,4:30PM,1633.94,70359.34,49,27,90
11/15/2021,12:01PM,1638.03,39512.26,32,18,18
11/15/2021,4:30PM,1638.73,69469.56,39,98,22
11/16/2021,12:01PM,1647.03,52303.70,33,98,00
11/16/2021,4:30PM,1644.01,86414.00,14,87,36
11/17/2021,12:01PM,1644.88,47769.46,89,03,70
11/17/2021,4:30PM,1644.60,83424.17,04,72,06
11/18/2021,12:01PM,1648.43,40670.72,30,08,92
11/18/2021,4:30PM,1650.32,44837.08,27,53,07
11/19/2021,12:01PM,1646.50,60811.40,01,31,88
11/19/2021,4:30PM,1645.06,102896.81,66,95,30
11/22/2021,12:01PM,1650.03,55264.55,34,84,99
11/22/2021,4:30PM,1649.54,94488.27,48,49,66
11/23/2021,12:01PM,1650.59,50742.49,92,80,87
11/23/2021,4:30PM,1646.42,90227.64,27,18,99
11/24/2021,12:01PM,1655.95,44075.53,55,67,21
11/24/2021,4:30PM,1649.82,86134.74,24,13,23
11/25/2021,12:01PM,1648.85,42658.60,58,72,33
11/25/2021,4:30PM,1648.46,73548.06,68,45,98
11/26/2021,12:01PM,1624.27,60239.72,79,46,87
11/26/2021,4:30PM,1610.61,123472.09,12,22,78
11/29/2021,12:01PM,1600.24,64343.86,43,28,98
11/29/2021,4:30PM,1589.69,115806.02,96,59,04
11/30/2021,12:01PM,1592.70,68709.06,09,27,01
11/30/2021,4:30PM,1568.69,159490.87,90,78,78
12/1/2021,12:01PM,1583.31,56890.20,10,61,98
12/1/2021,4:30PM,1590.81,93864.33,14,37,79
12/2/2021,12:01PM,1587.99,37807.36,97,04,95
12/2/2021,4:30PM,1591.84,67069.51,49,37,59
12/3/2021,12:01PM,1589.30,30052.60,02,49,40
12/3/2021,4:30PM,1588.19,55196.93,96,11,96
12/6/2021,12:01PM,,,,,
12/6/2021,4:30PM,,,,,
12/7/2021,12:01PM,1602.33,42058.38,38,65,13
12/7/2021,4:30PM,1609.28,74927.55,87,64,27
12/8/2021,12:01PM,1617.46,35942.71,62,68,38
12/8/2021,4:30PM,1618.36,69263.88,63,02,20
12/9/2021,12:01PM,1614.35,37276.77,56,25,04
12/9/2021,4:30PM,1618.23,69711.75,31,24,76
12/10/2021,12:01PM,,,,,
12/10/2021,4:30PM,,,,,
12/13/2021,12:01PM,1622.63,39868.28,38,86,20
12/13/2021,4:30PM,1625.83,71439.73,39,60,98
12/14/2021,12:01PM,1618.78,34027.91,87,96,01
12/14/2021,4:30PM,1630.64,69162.70,42,82,38
12/15/2021,12:01PM,1625.89,35703.62,93,74,10
12/15/2021,4:30PM,1623.66,63107.29,67,30,31
12/16/2021,12:01PM,1635.46,45777.19,67,12,17
12/16/2021,4:30PM,1645.32,89098.47,28,10,84
12/17/2021,12:01PM,1640.76,49500.19,60,33,82
12/17/2021,4:30PM,1641.73,96453.20,33,16,93
12/20/2021,12:01PM,1617.97,45896.49,76,50,62
12/20/2021,4:30PM,1615.80,82357.88,07,64,40
12/21/2021,12:01PM,1625.97,35904.87,74,57,03
12/21/2021,4:30PM,1622.25,69244.56,54,29,10
12/22/2021,12:01PM,1628.36,35701.87,61,13,83
12/22/2021,4:30PM,1626.79,60938.22,98,77,60
12/23/2021,12:01PM,1644.44,37264.71,44,32,38
12/23/2021,4:30PM,1641.47,67593.31,73,96,81
12/24/2021,12:01PM,1637.63,32538.68,38,16,48
12/24/2021,4:30PM,1637.22,57271.90,21,10,83
12/27/2021,12:01PM,1636.22,26727.60,27,04,06
12/27/2021,4:30PM,1636.50,51480.47,00,46,07
12/28/2021,12:01PM,1647.00,37995.01,05,47,11
12/28/2021,4:30PM,1641.52,73161.16,21,85,88
12/29/2021,12:01PM,1649.41,37045.60,15,61,17
12/29/2021,4:30PM,1653.33,72564.80,34,07,03
12/30/2021,12:01PM,1656.93,35430.94,30,49,11
12/30/2021,4:30PM,1657.62,74535.61,25,94,21
12/31/2021,12:01PM,,,,,
12/31/2021,4:30PM,,,,,
1/3/2022,12:01PM,,,,,
1/3/2022,4:30PM,,,,,
1/4/2022,12:01PM,1672.72,55149.34,29,38,28
1/4/2022,4:30PM,1670.28,100014.91,84,91,04
1/5/2022,12:01PM,1674.36,54147.70,67,00,99
1/5/2022,4:30PM,1676.79,93126.43,96,30,40
1/6/2022,12:01PM,1660.40,59895.10,05,90,28
1/6/2022,4:30PM,1653.03,106477.92,37,00,69
1/7/2022,12:01PM,1657.94,51600.29,40,44,02
1/7/2022,4:30PM,1657.62,89096.14,26,07,40
1/10/2022,12:01PM,1657.83,40441.50,31,81,06
1/10/2022,4:30PM,1657.06,79544.57,64,59,08
1/11/2022,12:01PM,1663.97,42375.41,75,16,03
1/11/2022,4:30PM,1667.12,79246.65,26,73,62
1/12/2022,12:01PM,1674.37,47284.57,74,17,26
1/12/2022,4:30PM,1678.50,87958.96,08,94,25
1/13/2022,12:01PM,1680.94,44393.48,43,27,74
1/13/2022,4:30PM,1680.02,82469.00,29,25,48
1/14/2022,12:01PM,1678.16,49078.83,68,32,78
1/14/2022,4:30PM,1672.63,90986.73,36,45,08
1/17/2022,12:01PM,1675.32,43627.36,27,36,40
1/17/2022,4:30PM,1676.87,82389.00,79,53,05
1/18/2022,12:01PM,1666.10,65153.75,03,40,37
1/18/2022,4:30PM,1660.27,113953.45,73,83,91
1/19/2022,12:01PM,1658.10,58063.41,03,54,29
1/19/2022,4:30PM,1658.24,96191.89,41,56,73
1/20/2022,12:01PM,1661.60,44790.45,00,08,31
1/20/2022,4:30PM,1656.96,80864.60,64,42,20
1/21/2022,12:01PM,1649.43,47533.56,33,27,37
1/21/2022,4:30PM,1652.73,81426.12,36,14,11
1/24/2022,12:01PM,1653.85,34354.78,37,25,28
1/24/2022,4:30PM,1653.85,34354.78,45,25,28
1/25/2022,12:01PM,1653.85,34354.78,24,25,28
1/25/2022,4:30PM,1653.85,34354.78,90,25,28
1/26/2022,12:01PM,1653.85,34354.78,03,25,28
1/26/2022,4:30PM,1653.85,34354.78,49,25,28
1/27/2022,12:01PM,1653.85,34354.78,56,25,28
1/27/2022,4:30PM,1653.85,34354.78,76,25,28
1/28/2022,12:01PM,1653.85,34354.78,88,25,28
1/28/2022,4:30PM,1653.85,34354.78,10,25,28
1/31/2022,12:01PM,1652.07,36955.14,75,25,28
1/31/2022,4:30PM,1648.81,68340.82,10,38,79
2/1/2022,12:01PM,1660.36,33969.53,69,06,92
2/1/2022,4:30PM,1661.75,59439.75,59,64,96
2/2/2022,12:01PM,1662.78,32813.07,83,17,79
2/2/2022,4:30PM,1667.75,61327.23,57,90,18
2/3/2022,12:01PM,1672.60,36795.53,05,12,10
2/3/2022,4:30PM,1669.05,68034.20,54,45,18
2/4/2022,12:01PM,1674.64,39787.72,47,37,08
2/4/2022,4:30PM,1674.22,72549.40,29,10,28
2/7/2022,12:01PM,1674.77,43625.67,75,41,13
2/7/2022,4:30PM,1677.24,76267.45,47,27,09
2/8/2022,12:01PM,1681.80,39526.17,06,51,17
2/8/2022,4:30PM,1684.23,84621.58,31,20,19
2/9/2022,12:01PM,1704.42,66993.78,23,37,29
2/9/2022,4:30PM,1703.16,135624.66,64,59,09
2/10/2022,12:01PM,1706.33,59786.43,36,14,15
2/10/2022,4:30PM,1703.00,112335.48,05,60,13
2/11/2022,12:01PM,1698.76,50810.88,60,20,15
2/11/2022,4:30PM,1699.20,95433.74,03,92,23
2/14/2022,12:01PM,1686.20,45866.76,06,76,30
2/14/2022,4:30PM,1684.69,86377.01,97,45,90
2/15/2022,12:01PM,1692.09,45146.72,96,28,02
2/15/2022,4:30PM,1701.45,91607.43,57,26,17
2/16/2022,12:01PM,,,,,
2/16/2022,4:30PM,,,,,
2/17/2022,12:01PM,1715.63,64428.79,38,89,26
2/17/2022,4:30PM,1711.58,101538.45,88,13,73
2/18/2022,12:01PM,1712.66,50611.99,61,16,00
2/18/2022,4:30PM,1713.20,95680.10,00,39,69
2/21/2022,12:01PM,1704.89,54189.59,99,59,92
2/21/2022,4:30PM,1694.32,104944.07,24,08,15
2/22/2022,12:01PM,1684.15,53570.85,50,90,05
2/22/2022,4:30PM,1691.12,93075.45,25,89,92
2/23/2022,12:01PM,1687.61,47577.46,17,51,31
2/23/2022,4:30PM,1696.45,87667.59,57,41,51
2/24/2022,12:01PM,1669.44,74838.49,48,60,79
2/24/2022,4:30PM,1662.72,126557.78,27,26,88
2/25/2022,12:01PM,1680.71,48720.29,10,70,27
2/25/2022,4:30PM,1679.90,87772.73,02,85,08
2/28/2022,12:01PM,1684.25,48640.98,50,19,71
2/28/2022,4:30PM,1685.18,93847.62,87,65,84
3/1/2022,12:01PM,1697.98,47505.25,85,12,61
3/1/2022,4:30PM,1694.28,91815.23,85,13,85
3/2/2022,12:01PM,1692.33,60279.72,39,27,11
3/2/2022,4:30PM,1689.81,107131.20,11,78,18
3/3/2022,12:01PM,1695.16,65925.11,65,91,78
3/3/2022,4:30PM,1696.08,113829.10,89,79,41
3/4/2022,12:01PM,1686.44,43441.19,41,77,33
3/4/2022,4:30PM,1671.72,87712.50,22,32,83
3/7/2022,12:01PM,1637.93,69417.61,37,11,61
3/7/2022,4:30PM,1626.70,127806.20,06,35,06
3/8/2022,12:01PM,1602.02,67999.80,29,65,88
3/8/2022,4:30PM,1619.10,149938.39,08,80,06
3/9/2022,12:01PM,1628.42,63818.08,28,87,67
3/9/2022,4:30PM,1643.64,115051.73,41,79,80
3/10/2022,12:01PM,1654.61,60842.90,12,12,84
3/10/2022,4:30PM,1647.08,100156.72,86,13,22
3/11/2022,12:01PM,1646.03,39070.01,30,05,99
3/11/2022,4:30PM,1658.01,78505.61,15,80,92
3/14/2022,12:01PM,1659.70,33578.05,08,34,62
3/14/2022,4:30PM,1660.15,65217.92,57,55,93
3/15/2022,12:01PM,1650.02,41726.84,26,78,19
3/15/2022,4:30PM,1644.36,82506.52,66,38,14
3/16/2022,12:01PM,1659.74,36214.51,44,17,30
3/16/2022,4:30PM,1667.92,78168.02,28,88,99
3/17/2022,12:01PM,1684.60,53163.29,03,97,11
3/17/2022,4:30PM,1681.76,97760.69,60,69,40
3/18/2022,12:01PM,1681.60,38595.68,05,41,89
3/18/2022,4:30PM,1678.51,98135.25,15,23,15
3/21/2022,12:01PM,1675.87,42454.86,74,43,40
3/21/2022,4:30PM,1673.87,73653.26,73,93,31
3/22/2022,12:01PM,1674.12,42644.84,24,34,84
3/22/2022,4:30PM,1677.87,81863.19,73,57,41
3/23/2022,12:01PM,1679.39,38631.13,91,62,15
3/23/2022,4:30PM,1677.95,70229.50,59,57,41
3/24/2022,12:01PM,1683.83,36755.19,35,82,82
3/24/2022,4:30PM,1680.89,66566.59,96,41,91
3/25/2022,12:01PM,1684.37,31378.08,78,42,93
3/25/2022,4:30PM,1676.80,62111.49,01,79,59
3/28/2022,12:01PM,1681.85,28732.96,52,10,80
3/28/2022,4:30PM,1684.30,57231.98,01,93,03
3/29/2022,12:01PM,1690.02,41637.69,27,78,04
3/29/2022,4:30PM,1689.74,76796.23,46,99,85
3/30/2022,12:01PM,1698.95,56541.61,51,59,87
3/30/2022,4:30PM,1698.40,97951.67,01,31,83
3/31/2022,12:01PM,1697.86,35313.85,63,11,21
3/31/2022,4:30PM,1695.24,71203.95,43,20,62
4/1/2022,12:01PM,1694.98,35935.44,85,62,15
4/1/2022,4:30PM,1701.31,68941.19,11,78,28
4/4/2022,12:01PM,1702.39,35702.97,92,61,78
4/4/2022,4:30PM,1702.93,65889.88,39,37,26
4/5/2022,12:01PM,1706.26,36018.76,68,72,90
4/5/2022,4:30PM,1701.18,68481.05,81,23,93
4/6/2022,12:01PM,,,,,
4/6/2022,4:30PM,,,,,
4/7/2022,12:01PM,1678.00,55211.35,01,45,95
4/7/2022,4:30PM,1682.41,97091.59,11,11,60
4/8/2022,12:01PM,1685.05,37636.79,56,82,85
4/8/2022,4:30PM,1686.00,70884.83,04,26,59
4/11/2022,12:01PM,1679.60,35554.26,04,21,58
4/11/2022,4:30PM,1678.46,62755.06,65,39,34
4/12/2022,12:01PM,1677.71,30138.19,18,53,71
4/12/2022,4:30PM,1674.34,60856.39,46,65,95
4/13/2022,12:01PM,,,,,
4/13/2022,4:30PM,,,,,
4/14/2022,12:01PM,,,,,
4/14/2022,4:30PM,,,,,
4/15/2022,12:01PM,,,,,
4/15/2022,4:30PM,,,,,
4/18/2022,12:01PM,1673.51,37210.83,10,64,88
4/18/2022,4:30PM,1668.06,64433.01,63,21,14
4/19/2022,12:01PM,1680.00,39415.18,05,87,01
4/19/2022,4:30PM,1675.62,74313.48,23,09,23
4/20/2022,12:01PM,1682.55,39521.26,51,02,66
4/20/2022,4:30PM,1680.35,69123.90,53,31,08
4/21/2022,12:01PM,1690.00,36380.33,00,45,32
4/21/2022,4:30PM,1690.55,71126.55,56,50,24
4/22/2022,12:01PM,1685.86,37874.91,64,38,36
4/22/2022,4:30PM,1690.59,71018.65,98,89,62
4/25/2022,12:01PM,1680.18,39108.94,88,36,88
4/25/2022,4:30PM,1675.33,71362.14,32,01,05
4/26/2022,12:01PM,1670.49,46974.81,94,45,05
4/26/2022,4:30PM,1668.97,81575.17,75,86,59
4/27/2022,12:01PM,1661.87,40703.50,73,40,93
4/27/2022,4:30PM,1661.89,76764.75,94,79,63
4/28/2022,12:01PM,1661.50,35672.57,02,61,93
4/28/2022,4:30PM,1667.74,79291.84,41,92,49
4/29/2022,12:01PM,1668.47,35552.54,72,46,88
4/29/2022,4:30PM,1667.44,69402.00,42,31,57
5/2/2022,12:01PM,,,,,
5/2/2022,4:30PM,,,,,
5/3/2022,12:01PM,1657.26,33873.39,63,32,93
5/3/2022,4:30PM,1652.29,67070.07,90,84,98
5/4/2022,12:01PM,,,,,
5/4/2022,4:30PM,,,,,
5/5/2022,12:01PM,1654.00,45014.50,04,77,41
5/5/2022,4:30PM,1643.30,77457.05,07,34,90
5/6/2022,12:01PM,1627.61,42386.98,16,46,04
5/6/2022,4:30PM,1629.58,72642.09,82,69,05
5/9/2022,12:01PM,1614.01,38183.47,13,78,91
5/9/2022,4:30PM,1604.49,81607.55,97,89,93
5/10/2022,12:01PM,1606.14,43906.34,46,04,81
5/10/2022,4:30PM,1622.78,83382.43,82,05,31
5/11/2022,12:01PM,1615.59,35925.32,95,06,98
5/11/2022,4:30PM,1613.34,71693.34,43,32,51
5/12/2022,12:01PM,1587.79,47870.53,90,54,82
5/12/2022,4:30PM,1584.52,92529.65,29,96,38
5/13/2022,12:01PM,1579.93,41822.32,32,68,86
5/13/2022,4:30PM,1584.38,75432.41,82,00,83
5/16/2022,12:01PM,,,,,
5/16/2022,4:30PM,,,,,
5/17/2022,12:01PM,1603.83,45065.18,35,97,40
5/17/2022,4:30PM,1614.49,85222.10,92,35,35
5/18/2022,12:01PM,1610.76,36959.26,69,91,63
5/18/2022,4:30PM,1620.33,73889.75,39,01,12
5/19/2022,12:01PM,1610.98,33622.15,82,44,58
5/19/2022,4:30PM,1605.98,62664.04,84,01,98
5/20/2022,12:01PM,1618.77,32722.06,72,28,09
5/20/2022,4:30PM,1622.95,66204.09,54,,94
5/23/2022,12:01PM,1632.98,30694.28,84,09,31
5/23/2022,4:30PM,1635.28,58704.94,84,30,13
5/24/2022,12:01PM,1635.47,30743.32,73,18,61
5/24/2022,4:30PM,1626.23,63643.09,33,43,08
5/25/2022,12:01PM,1637.71,33452.47,12,32,82
5/25/2022,4:30PM,1625.18,68005.40,85,73,17
5/26/2022,12:01PM,1631.77,32141.72,71,21,28
5/26/2022,4:30PM,1633.73,61370.04,30,38,57
5/27/2022,12:01PM,1634.82,39563.62,23,01,21
5/27/2022,4:30PM,1638.75,66000.12,50,74,63
5/30/2022,12:01PM,1652.20,36647.78,07,92,02
5/30/2022,4:30PM,1653.61,67561.59,11,21,12
5/31/2022,12:01PM,1655.65,28443.11,53,41,49
5/31/2022,4:30PM,1663.41,97262.99,12,90,16
6/1/2022,12:01PM,1662.92,40446.08,26,65,98
6/1/2022,4:30PM,1660.01,70482.53,12,35,89
6/2/2022,12:01PM,1654.84,27251.78,41,64,02
6/2/2022,4:30PM,1647.67,57875.88,75,58,30
6/3/2022,12:01PM,,,,,
6/3/2022,4:30PM,,,,,
6/6/2022,12:01PM,1637.86,33539.39,69,16,12
6/6/2022,4:30PM,1646.08,58372.21,82,45,92
6/7/2022,12:01PM,1635.82,34570.26,20,51,96
6/7/2022,4:30PM,1631.92,62744.08,24,29,14
6/8/2022,12:01PM,1634.76,29874.46,64,50,21
6/8/2022,4:30PM,1636.89,57187.70,97,00,60
6/9/2022,12:01PM,1644.48,46607.89,87,07,17
6/9/2022,4:30PM,1641.34,80431.33,41,71,87
6/10/2022,12:01PM,1636.39,32471.96,91,17,69
6/10/2022,4:30PM,1632.62,59628.75,28,13,81
6/13/2022,12:01PM,1609.65,39164.73,54,72,04
6/13/2022,4:30PM,1600.06,73466.76,66,85,48
6/14/2022,12:01PM,1601.92,36200.92,20,80,91
6/14/2022,4:30PM,1603.03,63139.45,39,99,28
6/15/2022,12:01PM,1590.68,39800.06,80,98,00
6/15/2022,4:30PM,1593.54,68928.67,48,46,66
6/16/2022,12:01PM,1587.06,40137.67,67,78,06
6/16/2022,4:30PM,1561.10,97738.02,08,69,22
6/17/2022,12:01PM,1562.22,54785.99,25,97,88
6/17/2022,4:30PM,1559.39,101339.12,99,36,46
6/20/2022,12:01PM,1555.16,31055.61,65,01,26
6/20/2022,4:30PM,1559.21,56962.88,12,06,30
6/21/2022,12:01PM,1569.59,27802.55,92,31,24
6/21/2022,4:30PM,1574.52,54668.08,28,83,30
6/22/2022,12:01PM,1563.94,34629.88,49,40,96
6/22/2022,4:30PM,1560.02,68260.93,20,25,92
6/23/2022,12:01PM,1562.67,33455.77,75,78,06
6/23/2022,4:30PM,1557.61,63892.96,12,78,67
6/24/2022,12:01PM,1564.90,35075.16,05,19,30
6/24/2022,4:30PM,1568.76,65946.00,66,90,69
6/27/2022,12:01PM,1577.19,33906.32,96,12,89
6/27/2022,4:30PM,1580.20,59201.02,01,56,84
6/28/2022,12:01PM,1588.04,27219.96,49,33,09
6/28/2022,4:30PM,1594.47,60346.04,76,43,88
6/29/2022,12:01PM,1586.11,31229.54,19,32,94
6/29/2022,4:30PM,1586.18,55564.35,84,83,79
6/30/2022,12:01PM,1573.36,31963.03,63,41,88
6/30/2022,4:30PM,1568.33,71991.49,31,59,67
7/1/2022,12:01PM,1572.31,26065.86,15,22,19
7/1/2022,4:30PM,1572.67,49435.62,75,38,33
7/4/2022,12:01PM,1570.54,30735.71,45,65,33
7/4/2022,4:30PM,1560.27,55686.41,76,64,19
7/5/2022,12:01PM,1554.02,36409.24,29,65,76
7/5/2022,4:30PM,1541.30,76714.43,04,74,63
7/6/2022,12:01PM,1536.93,43163.12,33,04,72
7/6/2022,4:30PM,1541.79,72117.55,97,98,06
7/7/2022,12:01PM,1552.97,34035.88,75,68,56
7/7/2022,4:30PM,1562.37,65952.95,72,54,40
7/8/2022,12:01PM,1557.25,31718.48,58,73,97
7/8/2022,4:30PM,1557.87,54581.06,71,12,79
9/26/2025,12:01PM,1285.66,17100.94,60,76,87
9/26/2025,4:30PM,1278.74,36245.78,45,26,60
1/2/2025,12:01PM,1381.25,20307.62,57,66,60
1/2/2025,4:30PM,1379.85,36852.83,52,32,11
1/3/2025,12:01PM,1383.92,15125.42,25,84,69
1/3/2025,4:30PM,1384.76,29604.22,64,67,24
1/6/2025,12:01PM,1379.07,20539.78,79,17,37
1/6/2025,4:30PM,1372.65,37212.83,52,78,64
1/7/2025,12:01PM,1384.55,17949.48,59,51,67
1/7/2025,4:30PM,1390.88,39006.62,86,67,62
1/8/2025,12:01PM,1391.38,15994.84,84,26,66
1/8/2025,4:30PM,1387.72,35326.19,26,31,08
1/9/2025,12:01PM,1372.61,22595.17,15,08,47
1/9/2025,4:30PM,1362.97,46868.24,78,98,40
1/10/2025,12:01PM,1362.62,22211.98,21,06,78
1/10/2025,4:30PM,1367.99,42718.70,98,09,61
1/13/2025,12:01PM,1357.06,20625.46,65,33,62
1/13/2025,4:30PM,1354.34,42966.31,46,62,42
1/14/2025,12:01PM,1349.82,32094.64,24,89,88
1/14/2025,4:30PM,1340.25,56434.55,54,42,07
1/15/2025,12:01PM,1342.93,20231.16,31,27,48
1/15/2025,4:30PM,1353.17,44216.57,76,88,69
1/16/2025,12:01PM,1348.55,20269.57,59,31,86
1/16/2025,4:30PM,1352.56,40377.07,67,44,39
1/17/2025,12:01PM,1350.58,16593.16,83,90,93
1/17/2025,4:30PM,1340.63,37538.15,38,42,57
1/20/2025,12:01PM,1342.34,13695.36,45,84,90
1/20/2025,4:30PM,1340.50,25982.06,02,38,14
1/21/2025,12:01PM,1355.00,19622.25,02,72,05
1/21/2025,4:30PM,1352.53,38004.05,34,31,48
1/22/2025,12:01PM,1359.68,21212.71,82,94,81
1/22/2025,4:30PM,1361.77,43896.02,76,52,45
1/23/2025,12:01PM,1356.17,16398.82,78,68,18
1/23/2025,4:30PM,1344.17,34420.86,70,65,58
1/24/2025,12:01PM,1347.06,15180.18,60,72,81
1/24/2025,4:30PM,1354.07,30792.25,72,16,07
1/27/2025,12:01PM,1349.09,15125.32,95,53,40
1/27/2025,4:30PM,1340.94,30685.23,45,29,15
1/28/2025,12:01PM,1338.13,17236.21,36,01,58
1/28/2025,4:30PM,1345.77,36715.88,75,67,70
1/29/2025,12:01PM,1342.96,14932.46,62,95,96
1/29/2025,4:30PM,1343.19,27349.69,99,31,24
1/30/2025,12:01PM,1335.29,16729.73,99,39,39
1/30/2025,4:30PM,1335.64,29535.48,45,97,90
1/31/2025,12:01PM,1324.13,24164.63,34,96,88
1/31/2025,4:30PM,1314.50,53362.68,02,54,37
2/3/2025,12:01PM,1290.04,33365.21,45,92,53
2/3/2025,4:30PM,1304.39,54212.17,92,78,31
2/4/2025,12:01PM,1306.65,20493.76,53,89,41
2/4/2025,4:30PM,1301.02,41678.41,28,74,95
2/5/2025,12:01PM,1289.94,20712.90,42,60,90
2/5/2025,4:30PM,1286.74,42226.09,46,14,28
2/6/2025,12:01PM,1281.73,19235.92,35,26,61
2/6/2025,4:30PM,1262.07,48143.21,73,75,92
2/7/2025,12:01PM,1263.08,25068.16,88,58,78
2/7/2025,4:30PM,1282.09,57593.92,93,55,41
2/10/2025,12:01PM,1272.91,24931.76,11,54,53
2/10/2025,4:30PM,1270.49,43206.59,96,64,89
2/11/2025,12:01PM,1279.35,17955.38,55,10,92
2/11/2025,4:30PM,1283.97,38989.02,79,33,88
2/13/2025,12:01PM,1294.85,26933.40,53,88,37
2/13/2025,4:30PM,1284.11,53123.74,13,54,21
2/14/2025,12:01PM,1281.75,19469.26,59,66,99
2/14/2025,4:30PM,1272.10,50036.21,06,80,99
2/17/2025,12:01PM,1248.39,33866.09,96,46,33
2/17/2025,4:30PM,1256.48,56346.06,86,26,90
2/18/2025,12:01PM,1260.85,22746.65,56,08,98
2/18/2025,4:30PM,1257.48,47358.57,88,74,62
2/19/2025,12:01PM,1261.91,26684.55,14,00,59
2/19/2025,4:30PM,1262.27,52617.62,77,94,99
2/20/2025,12:01PM,1255.62,27358.66,28,67,29
2/20/2025,4:30PM,1245.61,56186.43,16,33,58
2/21/2025,12:01PM,1247.47,26501.77,71,72,70
2/21/2025,4:30PM,1246.21,48456.57,16,59,87
2/24/2025,12:01PM,1230.69,22049.20,99,71,83
2/24/2025,4:30PM,1235.85,42206.62,56,44,85
2/25/2025,12:01PM,1217.68,26548.87,88,70,65
2/25/2025,4:30PM,1206.39,50189.15,99,92,56
2/26/2025,12:01PM,1217.06,25252.52,62,27,61
2/26/2025,4:30PM,1231.14,62528.51,48,89,87
2/27/2025,12:01PM,1220.37,32718.95,78,32,81
2/27/2025,4:30PM,1215.73,56035.29,35,86,84
2/28/2025,12:01PM,1195.26,29025.74,65,84,71
2/28/2025,4:30PM,1203.72,74436.98,26,45,21
3/3/2025,12:01PM,1193.83,23463.47,33,98,14
3/3/2025,4:30PM,1188.41,45011.92,11,29,23
3/4/2025,12:01PM,1191.91,18368.26,18,12,17
3/4/2025,4:30PM,1177.64,42016.45,46,70,29
3/5/2025,12:01PM,1190.10,19869.31,09,83,71
3/5/2025,4:30PM,1206.96,50706.03,66,50,81
3/6/2025,12:01PM,1203.60,26132.15,02,44,70
3/6/2025,4:30PM,1189.55,47199.92,59,79,18
3/7/2025,12:01PM,1194.92,18176.08,26,37,24
3/7/2025,4:30PM,1202.03,37805.49,35,16,60
3/10/2025,12:01PM,1187.27,16247.13,77,01,13
3/10/2025,4:30PM,1177.44,34257.69,47,70,59
3/11/2025,12:01PM,1169.99,20005.44,95,24,70
3/11/2025,4:30PM,1187.63,49522.05,32,48,05
3/12/2025,12:01PM,1170.60,20693.96,03,54,20
3/12/2025,4:30PM,1160.06,46281.66,61,34,02
3/13/2025,12:01PM,1162.97,17838.40,78,24,58
3/13/2025,4:30PM,1159.64,32461.80,41,10,69
3/14/2025,12:01PM,1171.44,17922.18,42,00,67
3/14/2025,4:30PM,1173.76,38598.05,68,93,96
3/17/2025,12:01PM,1172.42,20846.17,26,92,92
3/17/2025,4:30PM,1170.20,35904.16,04,18,07
3/18/2025,12:01PM,1178.32,18630.04,20,58,60
3/18/2025,4:30PM,1176.17,39013.98,73,76,05
3/19/2025,12:01PM,1190.86,22661.25,61,25,61
3/19/2025,4:30PM,1189.66,42722.37,62,18,41
3/20/2025,12:01PM,1194.69,19982.29,92,11,40
3/20/2025,4:30PM,1181.71,44627.97,17,94,12
3/21/2025,12:01PM,1183.29,19958.57,98,42,06
3/21/2025,4:30PM,1186.61,47293.40,13,12,04
3/24/2025,12:01PM,1183.72,10383.20,23,00,16
3/24/2025,4:30PM,1190.06,23373.33,63,27,94
3/25/2025,12:01PM,1183.87,16925.17,75,67,38
3/25/2025,4:30PM,1184.93,30766.38,36,52,18
3/26/2025,12:01PM,1191.10,13997.86,07,65,98
3/26/2025,4:30PM,1190.36,26578.82,68,71,67
3/27/2025,12:01PM,1189.17,15064.65,74,55,90
3/27/2025,4:30PM,1187.90,27605.35,05,27,39
3/28/2025,12:01PM,1181.93,14080.95,30,67,39
3/28/2025,4:30PM,,,,53,81
3/31/2025,12:01PM,1158.04,23430.93,40,95,38
3/31/2025,4:30PM,1158.09,40260.73,90,82,37
4/1/2025,12:01PM,1173.83,13920.35,30,27,91
4/1/2025,4:30PM,1168.02,26391.17,21,02,64
4/2/2025,12:01PM,1171.06,11737.23,67,91,75
4/2/2025,4:30PM,1172.69,24952.72,92,02,72
4/3/2025,12:01PM,1160.74,23103.53,43,42,31
4/3/2025,4:30PM,1161.81,41064.80,14,81,87
4/4/2025,12:01PM,1131.56,27775.88,65,76,70
4/4/2025,4:30PM,1125.21,48286.09,16,92,98
4/8/2025,12:01PM,1077.48,39711.85,81,70,24
4/8/2025,4:30PM,1074.59,66714.48,94,45,82
4/9/2025,12:01PM,1065.61,21518.26,18,80,49
4/9/2025,4:30PM,1088.18,50884.78,84,30,49
4/10/2025,12:01PM,1136.58,27795.67,85,38,82
4/10/2025,4:30PM,1133.95,50222.48,52,34,62
4/11/2025,12:01PM,1129.98,18738.57,88,36,84
4/11/2025,4:30PM,1128.66,34662.31,62,27,85
4/16/2025,12:01PM,1128.14,21550.77,40,70,93
4/16/2025,4:30PM,1138.90,41200.11,00,50,46
4/17/2025,12:01PM,1137.81,15465.74,15,21,86
4/17/2025,4:30PM,1141.28,29646.08,86,34,98
4/18/2025,12:01PM,1145.16,13789.27,69,51,47
4/18/2025,4:30PM,1150.95,27673.54,53,68,67
4/21/2025,12:01PM,1147.16,15405.07,65,05,38
4/21/2025,4:30PM,1134.71,32465.37,15,18,00
4/22/2025,12:01PM,1134.65,17824.64,54,23,18
4/22/2025,4:30PM,1144.05,35686.26,56,,09
4/23/2025,12:01PM,1156.81,20917.00,17,42,03
4/23/2025,4:30PM,1153.77,38224.25,74,01,57
4/24/2025,12:01PM,1150.40,23268.26,08,46,71
4/24/2025,4:30PM,1146.86,40586.79,66,68,40
4/25/2025,12:01PM,1157.04,17494.44,44,96,98
4/25/2025,4:30PM,1159.00,33120.92,00,10,00
4/28/2025,12:01PM,1161.70,15275.83,05,69,78
4/28/2025,4:30PM,1159.53,28459.22,39,43,68
4/29/2025,12:01PM,1158.10,15628.97,08,27,04
4/29/2025,4:30PM,1171.12,35334.16,24,42,49
4/30/2025,12:01PM,1181.52,24873.97,23,14,38
4/30/2025,4:30PM,1197.26,54369.45,69,27,29
5/2/2025,12:01PM,1201.22,27337.38,27,46,40
5/2/2025,4:30PM,1198.98,45633.02,83,33,09
5/6/2025,12:01PM,1196.09,21509.76,99,54,87
5/6/2025,4:30PM,1187.86,43577.28,67,22,00
5/7/2025,12:01PM,1207.89,24685.93,95,53,02
5/7/2025,4:30PM,1220.27,53984.70,74,05,66
5/8/2025,12:01PM,1212.84,21030.67,40,53,20
5/8/2025,4:30PM,1206.59,42698.89,98,79,85
5/9/2025,12:01PM,1200.92,18731.16,21,12,84
5/9/2025,4:30PM,1210.94,40958.44,48,08,65
5/13/2025,12:01PM,1219.76,29003.30,63,41,78
5/13/2025,4:30PM,1214.39,50869.98,99,58,60
5/14/2025,12:01PM,1211.21,23538.77,18,49,12
5/14/2025,4:30PM,1216.71,43111.85,11,89,24
5/15/2025,12:01PM,1199.19,24284.35,94,99,48
5/15/2025,4:30PM,1194.49,45794.74,94,25,14
5/16/2025,12:01PM,1203.44,17209.35,49,72,90
5/16/2025,4:30PM,1195.77,36714.07,74,16,11
5/19/2025,12:01PM,1193.62,20333.71,23,41,88
5/19/2025,4:30PM,1187.06,36743.01,63,10,32
5/20/2025,12:01PM,1189.42,22079.19,29,37,40
5/20/2025,4:30PM,1189.14,46960.04,40,77,06
5/21/2025,12:01PM,1190.81,18708.64,18,24,84
5/21/2025,4:30PM,1179.81,46877.46,17,57,26
5/22/2025,12:01PM,1178.04,20379.71,49,67,15
5/22/2025,4:30PM,1173.37,38569.91,79,20,09
5/23/2025,12:01PM,1180.20,16668.68,08,96,43
5/23/2025,4:30PM,1176.36,34683.81,63,40,31
5/26/2025,12:01PM,1172.11,12721.61,11,40,06
5/26/2025,4:30PM,1178.43,27690.45,30,01,86
5/27/2025,12:01PM,1166.41,21159.84,19,98,47
5/27/2025,4:30PM,1163.42,34845.62,25,98,43
5/28/2025,12:01PM,1165.00,20335.87,05,91,00
5/28/2025,4:30PM,1160.74,36281.33,41,83,71
5/29/2025,12:01PM,1169.62,19159.94,29,96,41
5/29/2025,4:30PM,1164.01,34788.54,18,02,17
5/30/2025,12:01PM,1156.63,16856.85,36,27,05
5/30/2025,4:30PM,1149.18,73098.63,88,82,23
6/4/2025,12:01PM,1135.60,26656.49,06,50,00
6/4/2025,4:30PM,1132.02,49605.35,25,79,20
6/5/2025,12:01PM,1139.28,18125.75,85,85,88
6/5/2025,4:30PM,1140.63,33207.27,37,06,66
6/6/2025,12:01PM,1132.44,18430.55,40,05,86
6/6/2025,4:30PM,1136.43,30853.01,33,77,48
6/9/2025,12:01PM,1136.76,14327.59,67,87,71
6/9/2025,4:30PM,1135.24,24061.72,41,54,28
6/10/2025,12:01PM,1139.25,15625.49,55,03,51
6/10/2025,4:30PM,1139.16,29300.62,60,16,00
6/11/2025,12:01PM,1141.98,13463.94,83,71,08
6/11/2025,4:30PM,1141.58,26216.13,86,63,17
6/12/2025,12:01PM,1134.93,17250.42,30,72,82
6/12/2025,4:30PM,1128.62,32483.12,23,63,15
6/13/2025,12:01PM,1125.06,22095.09,65,37,80
6/13/2025,4:30PM,1122.70,42301.91,01,77,97
6/16/2025,12:01PM,1112.70,21177.03,07,32,84
6/16/2025,4:30PM,1114.49,41122.78,92,75,82
6/17/2025,12:01PM,1116.20,15763.04,03,28,87
6/17/2025,4:30PM,1113.58,27531.25,81,76,40
6/18/2025,12:01PM,1114.33,15297.20,37,18,30
6/18/2025,4:30PM,1094.58,36048.37,88,14,32
6/19/2025,12:01PM,1076.00,25818.53,08,41,14
6/19/2025,4:30PM,1068.73,46634.59,34,49,12
6/20/2025,12:01PM,1072.02,15391.58,21,27,61
6/20/2025,4:30PM,1067.63,49577.05,37,32,29
6/23/2025,12:01PM,1063.49,19028.27,98,30,19
6/23/2025,4:30PM,1062.78,32506.99,86,27,82
6/24/2025,12:01PM,1086.32,29794.02,24,50,12
6/24/2025,4:30PM,1100.01,52840.03,10,89,24
6/25/2025,12:01PM,1097.20,33673.98,03,55,34
6/25/2025,4:30PM,1107.69,62662.66,92,24,10
6/26/2025,12:01PM,1115.47,24134.83,74,06,27
6/26/2025,4:30PM,1106.73,42119.63,39,36,72
6/27/2025,12:01PM,1087.20,17372.95,02,11,74
6/27/2025,4:30PM,1082.42,38598.23,28,48,91
6/30/2025,12:01PM,1085.61,24702.88,12,73,71
6/30/2025,4:30PM,1089.56,47225.04,65,48,09
7/1/2025,12:01PM,1092.13,15277.25,37,17,05
7/1/2025,4:30PM,1110.01,41714.05,14,34,65
7/2/2025,12:01PM,1105.42,18325.98,25,27,76
7/2/2025,4:30PM,1115.69,34958.34,98,64,27
7/3/2025,12:01PM,1119.36,18292.77,62,30,95
7/3/2025,4:30PM,1127.21,34920.97,10,75,82
7/4/2025,12:01PM,1123.98,14112.07,82,72,91
7/4/2025,4:30PM,1119.94,27794.63,44,62,71
7/7/2025,12:01PM,1111.46,16047.75,67,20,41
7/7/2025,4:30PM,1123.00,31447.59,07,88,51
7/8/2025,12:01PM,1118.47,15251.38,71,41,59
7/8/2025,4:30PM,1115.65,29535.64,55,27,05
7/9/2025,12:01PM,1111.60,16062.15,02,86,59
7/9/2025,4:30PM,1110.40,27165.01,05,67,76
7/11/2025,12:01PM,1127.71,18447.32,17,30,63
7/11/2025,4:30PM,1127.71,18447.32,37,40,97
7/14/2025,12:01PM,1131.91,15835.45,15,54,05
7/14/2025,4:30PM,1143.31,33684.38,14,27,91
7/15/2025,12:01PM,1149.22,24895.92,25,31,61
7/15/2025,4:30PM,1161.01,48024.99,14,84,94
7/16/2025,12:01PM,1161.25,24420.57,50,81,09
7/16/2025,4:30PM,1157.63,42928.06,38,92,52
7/17/2025,12:01PM,1191.01,37047.32,17,65,94
7/17/2025,4:30PM,1198.11,63374.58,14,13,68
7/18/2025,12:01PM,1205.17,33401.83,71,00,13
7/18/2025,4:30PM,1206.58,53775.57,85,81,31
7/21/2025,12:01PM,1205.27,23339.30,79,01,76
7/21/2025,4:30PM,1208.13,43213.00,33,20,14
7/22/2025,12:01PM,1206.57,24358.79,78,45,08
7/22/2025,4:30PM,1191.75,49095.62,55,27,10
7/23/2025,12:01PM,1218.63,27687.09,37,56,79
7/23/2025,4:30PM,1219.62,45127.72,27,36,83
7/24/2025,12:01PM,1216.15,24260.43,50,75,73
7/24/2025,4:30PM,1212.49,46887.92,97,61,19
7/25/2025,12:01PM,1210.75,20520.73,50,99,20
7/25/2025,4:30PM,1217.15,36910.98,50,90,54
7/29/2025,12:01PM,1218.06,24034.33,64,97,54
7/29/2025,4:30PM,1233.68,51323.28,83,79,56
7/30/2025,12:01PM,1238.69,28415.04,95,08,58
7/30/2025,4:30PM,1244.14,54670.81,40,35,46
7/31/2025,12:01PM,1242.99,30192.68,92,74,12
7/31/2025,4:30PM,1242.35,54200.06,50,61,80
8/1/2025,12:01PM,1237.15,25632.89,52,70,91
8/1/2025,4:30PM,1218.33,54586.68,36,36,65
8/4/2025,12:01PM,1222.67,25386.69,76,18,78
8/4/2025,4:30PM,1229.40,44358.92,08,19,73
8/5/2025,12:01PM,1244.19,28261.28,91,91,98
8/5/2025,4:30PM,1246.96,53040.81,60,43,62
8/6/2025,12:01PM,1263.78,39146.94,86,39,32
8/6/2025,4:30PM,1264.47,65232.67,72,48,97
8/7/2025,12:01PM,1274.76,34243.73,63,01,46
8/7/2025,4:30PM,1265.15,60459.25,59,39,93
8/8/2025,12:01PM,1259.40,30215.28,05,94,12
8/8/2025,4:30PM,1259.07,51232.32,72,81,09
8/13/2025,12:01PM,1271.81,38451.60,11,62,26
8/13/2025,4:30PM,1277.43,70067.54,37,19,89
8/14/2025,12:01PM,1269.78,34184.36,84,58,06
8/14/2025,4:30PM,1266.67,56938.83,78,70,60
8/15/2025,12:01PM,1258.62,27445.10,25,96,37
8/15/2025,4:30PM,1259.42,48320.80,20,40,87
8/18/2025,12:01PM,1254.70,20145.75,05,25,11
8/18/2025,4:30PM,1242.31,39299.17,19,94,49
8/19/2025,12:01PM,1246.45,22327.22,57,86,66
8/19/2025,4:30PM,1235.76,39590.96,60,39,39
8/20/2025,12:01PM,1235.32,18697.65,27,69,03
8/20/2025,4:30PM,1248.13,43127.12,37,24,80
8/21/2025,12:01PM,1246.00,24784.05,04,85,95
8/21/2025,4:30PM,1244.79,49180.56,90,50,38
8/22/2025,12:01PM,1254.77,21274.61,74,08,58
8/22/2025,4:30PM,1253.39,37999.28,99,55,86
8/25/2025,12:01PM,1265.11,21906.56,16,49,60
8/25/2025,4:30PM,1262.67,39908.97,78,71,05
8/26/2025,12:01PM,1259.70,24414.11,04,56,60
8/26/2025,4:30PM,1251.26,59158.26,68,41,49
8/27/2025,12:01PM,1256.48,29381.04,81,43,61
8/27/2025,4:30PM,1248.03,46883.53,33,83,67
8/28/2025,12:01PM,1248.17,15611.37,71,79,90
8/28/2025,4:30PM,1250.09,35798.91,98,38,43
8/29/2025,12:01PM,1245.17,18857.72,77,33,02
8/29/2025,4:30PM,1236.61,52475.14,15,66,02
9/1/2025,12:01PM,1239.77,17938.55,78,43,90
9/1/2025,4:30PM,1244.48,35696.48,86,80,11
9/2/2025,12:01PM,1248.84,20727.21,47,16,23
9/2/2025,4:30PM,1248.78,34424.58,84,75,74
9/3/2025,12:01PM,1259.46,26987.08,67,29,84
9/3/2025,4:30PM,1259.31,44707.38,17,12,80
9/4/2025,12:01PM,1263.42,24622.25,22,86,33
9/4/2025,4:30PM,1252.55,44813.45,53,27,16
9/5/2025,12:01PM,1261.82,27216.79,26,46,74
9/5/2025,4:30PM,1264.80,51657.81,07,49,67
9/8/2025,12:01PM,1265.15,30952.28,52,12,76
9/8/2025,4:30PM,1266.11,54546.06,16,39,53
9/9/2025,12:01PM,1270.81,23596.69,16,68,01
9/9/2025,4:30PM,1276.08,47384.85,84,83,72
9/10/2025,12:01PM,1277.68,23257.84,87,58,41
9/10/2025,4:30PM,1278.05,42552.94,52,34,15
9/11/2025,12:01PM,1286.41,25765.36,15,26,86
9/11/2025,4:30PM,1288.03,46753.07,33,45,04
9/12/2025,12:01PM,1292.13,21889.83,39,51,04
9/12/2025,4:30PM,1293.62,38576.94,26,62,08
9/15/2025,12:01PM,1297.60,20032.21,02,84,08
9/15/2025,4:30PM,1299.78,35280.04,80,91,99
9/16/2025,12:01PM,1306.38,25795.15,85,65,27
9/16/2025,4:30PM,1308.19,47455.08,95,05,51
9/17/2025,12:01PM,1310.16,26515.14,65,76,49
9/17/2025,4:30PM,1306.69,48098.33,98,45,58
9/18/2025,12:01PM,1299.96,26555.73,65,10,15
9/18/2025,4:30PM,1297.01,44929.51,19,88,98
9/19/2025,12:01PM,1295.38,18408.01,88,40,39
9/19/2025,4:30PM,1292.72,47981.93,21,35,38
9/22/2025,12:01PM,1287.67,16707.97,77,06,66
9/22/2025,4:30PM,1282.54,31595.35,45,70,17
9/23/2025,12:01PM,1281.04,19023.32,43,15,59
9/23/2025,4:30PM,1273.20,40147.95,07,13,18
9/24/2025,12:01PM,1277.32,22905.69,25,99,88
9/24/2025,4:30PM,1278.41,38563.93,13,21,84
9/25/2025,12:01PM,1286.43,18751.10,31,39,99
9/25/2025,4:30PM,1288.26,35348.54,68,31,34
9/26/2025,12:01PM,1285.66,17100.94,60,76,87
9/26/2025,4:30PM,1278.74,36245.78,45,26,60
9/29/2025,12:01PM,1282.84,17354.32,44,63,13
9/29/2025,4:30PM,1288.07,37860.62,70,97,41
9/30/2025,12:01PM,1280.38,21646.38,86,64,51
9/30/2025,4:30PM,1274.17,49548.34,78,05,59
10/1/2025,12:01PM,1279.10,20794.71,04,14,92
10/1/2025,4:30PM,1275.03,35487.18,37,40,01
10/2/2025,12:01PM,1290.66,20422.53,62,57,60
10/2/2025,4:30PM,1288.29,35286.71,96,32,42
10/3/2025,12:01PM,1292.45,18365.65,55,98,43
10/3/2025,4:30PM,1293.61,35659.08,19,62,49
10/6/2025,12:01PM,1291.72,18889.13,29,30,03
10/6/2025,4:30PM,1285.64,33100.46,40,40,95
10/7/2025,12:01PM,1301.20,20315.99,05,97,62
10/7/2025,4:30PM,1305.24,34987.28,47,76,24
10/8/2025,12:01PM,1306.65,17908.65,58,97,03
10/8/2025,4:30PM,1304.92,37346.56,26,85,42
10/9/2025,12:01PM,1312.24,22205.55,45,58,03
10/9/2025,4:30PM,1313.99,43145.38,95,84,74
10/10/2025,12:01PM,1288.03,20455.89,35,29,72
10/10/2025,4:30PM,1286.98,37692.20,82,83,96
10/14/2025,12:01PM,1276.52,23043.89,23,85,58
10/14/2025,4:30PM,1266.38,42503.92,83,68,76
10/15/2025,12:01PM,1279.59,19664.28,94,78,82
10/15/2025,4:30PM,1286.69,46484.63,94,89,83
10/16/2025,12:01PM,1290.77,20645.38,75,35,96
10/16/2025,4:30PM,1291.46,33202.91,62,15,59
10/17/2025,12:01PM,1284.21,18520.04,10,22,48
10/17/2025,4:30PM,1274.61,36760.70,10,74,29
10/20/2025,12:01PM,1287.07,14205.37,75,54,85
10/20/2025,4:30PM,1284.47,26555.65,75,06,60
10/21/2025,12:01PM,1288.59,18219.39,99,65,85
10/21/2025,4:30PM,1290.72,34370.82,20,34,84
10/22/2025,12:01PM,1298.07,25044.04,74,15,28
,4:30PM,,,,,
